claim_id,kind,description,source,n,insufficient_n,point_estimate,point_estimate_kind,ci_lower,ci_upper,ci_method,paired_ttest_pvalue,wilcoxon_pvalue,cohens_d,rank_biserial_r
adaptive_stepping_beta_var_shift__bimodal_load__adaptive_embedded_rtol0.0001,paired_difference,"MLMC level-difference-variance decay exponent beta_var (Giles 2008 convention), regime=bimodal_load, adaptive-minus-uniform (adaptive_embedded_rtol0.0001 minus uniform, seed-paired, n=3); if this CI excludes 0 it contradicts the S1b.5 'beta_var unchanged' finding, if it includes 0 it confirms it with a real interval instead of an eyeballed delta",results/adaptive_stepping_full/mlmc_exponents.csv,3,True,0.0013298769973068003,mean_diff,0.0012344447254829527,0.0013833505232613286,BCa,0.001340908179582232,0.25,15.750804785386789,1.0
adaptive_stepping_beta_var_shift__bimodal_load__adaptive_embedded_rtol0.001,paired_difference,"MLMC level-difference-variance decay exponent beta_var (Giles 2008 convention), regime=bimodal_load, adaptive-minus-uniform (adaptive_embedded_rtol0.001 minus uniform, seed-paired, n=3); if this CI excludes 0 it contradicts the S1b.5 'beta_var unchanged' finding, if it includes 0 it confirms it with a real interval instead of an eyeballed delta",results/adaptive_stepping_full/mlmc_exponents.csv,3,True,0.0014324384666088246,mean_diff,0.0012784770673712753,0.0015194073871740061,BCa,0.0030202221094408773,0.25,10.481765639524294,1.0
adaptive_stepping_beta_var_shift__bimodal_load__adaptive_embedded_rtol0.01,paired_difference,"MLMC level-difference-variance decay exponent beta_var (Giles 2008 convention), regime=bimodal_load, adaptive-minus-uniform (adaptive_embedded_rtol0.01 minus uniform, seed-paired, n=3); if this CI excludes 0 it contradicts the S1b.5 'beta_var unchanged' finding, if it includes 0 it confirms it with a real interval instead of an eyeballed delta",results/adaptive_stepping_full/mlmc_exponents.csv,3,True,0.0019057517040243683,mean_diff,0.0013614190175519718,0.00295702108547935,BCa,0.06859816043177215,0.25,2.089290871149645,1.0
adaptive_stepping_beta_var_shift__bimodal_load__adaptive_embedded_rtol1e-05,paired_difference,"MLMC level-difference-variance decay exponent beta_var (Giles 2008 convention), regime=bimodal_load, adaptive-minus-uniform (adaptive_embedded_rtol1e-05 minus uniform, seed-paired, n=3); if this CI excludes 0 it contradicts the S1b.5 'beta_var unchanged' finding, if it includes 0 it confirms it with a real interval instead of an eyeballed delta",results/adaptive_stepping_full/mlmc_exponents.csv,3,True,0.0012469957440405244,mean_diff,0.001133943531613335,0.0013173072574989748,BCa,0.002412666082773294,0.25,11.732857595760791,1.0
adaptive_stepping_beta_var_shift__bimodal_load__adaptive_halfstep_rtol1e-03,paired_difference,"MLMC level-difference-variance decay exponent beta_var (Giles 2008 convention), regime=bimodal_load, adaptive-minus-uniform (adaptive_halfstep_rtol1e-03 minus uniform, seed-paired, n=3); if this CI excludes 0 it contradicts the S1b.5 'beta_var unchanged' finding, if it includes 0 it confirms it with a real interval instead of an eyeballed delta",results/adaptive_stepping_full/mlmc_exponents.csv,3,True,0.0010609230549364728,mean_diff,0.0007879438171377595,0.0012001458424523899,BCa,0.016170335819863175,0.25,4.4850013076574164,1.0
adaptive_stepping_beta_var_shift__heterogeneous_rho__adaptive_embedded_rtol0.0001,paired_difference,"MLMC level-difference-variance decay exponent beta_var (Giles 2008 convention), regime=heterogeneous_rho, adaptive-minus-uniform (adaptive_embedded_rtol0.0001 minus uniform, seed-paired, n=3); if this CI excludes 0 it contradicts the S1b.5 'beta_var unchanged' finding, if it includes 0 it confirms it with a real interval instead of an eyeballed delta",results/adaptive_stepping_full/mlmc_exponents.csv,3,True,0.0015400970740696573,mean_diff,0.0012223740629627722,0.0021108130204935405,BCa,0.033855364188501186,0.25,3.0575603724822358,1.0
adaptive_stepping_beta_var_shift__heterogeneous_rho__adaptive_embedded_rtol0.001,paired_difference,"MLMC level-difference-variance decay exponent beta_var (Giles 2008 convention), regime=heterogeneous_rho, adaptive-minus-uniform (adaptive_embedded_rtol0.001 minus uniform, seed-paired, n=3); if this CI excludes 0 it contradicts the S1b.5 'beta_var unchanged' finding, if it includes 0 it confirms it with a real interval instead of an eyeballed delta",results/adaptive_stepping_full/mlmc_exponents.csv,3,True,0.0013895988109060564,mean_diff,0.0010061722572690668,0.0020050196550860377,BCa,0.05334746921347295,0.25,2.3985227420165423,1.0
adaptive_stepping_beta_var_shift__heterogeneous_rho__adaptive_embedded_rtol0.01,paired_difference,"MLMC level-difference-variance decay exponent beta_var (Giles 2008 convention), regime=heterogeneous_rho, adaptive-minus-uniform (adaptive_embedded_rtol0.01 minus uniform, seed-paired, n=3); if this CI excludes 0 it contradicts the S1b.5 'beta_var unchanged' finding, if it includes 0 it confirms it with a real interval instead of an eyeballed delta",results/adaptive_stepping_full/mlmc_exponents.csv,3,True,3.916804742853941e-05,mean_diff,-3.753992321620103e-05,0.00013596141260829864,BCa,0.5233664293857934,0.75,0.4426899862818146,0.3333333333333333
adaptive_stepping_beta_var_shift__heterogeneous_rho__adaptive_embedded_rtol1e-05,paired_difference,"MLMC level-difference-variance decay exponent beta_var (Giles 2008 convention), regime=heterogeneous_rho, adaptive-minus-uniform (adaptive_embedded_rtol1e-05 minus uniform, seed-paired, n=3); if this CI excludes 0 it contradicts the S1b.5 'beta_var unchanged' finding, if it includes 0 it confirms it with a real interval instead of an eyeballed delta",results/adaptive_stepping_full/mlmc_exponents.csv,3,True,0.001387567984168873,mean_diff,0.0010512847120059214,0.0019634434289557134,BCa,0.04366699445995834,0.25,2.6715633294717214,1.0
adaptive_stepping_beta_var_shift__heterogeneous_rho__adaptive_halfstep_rtol1e-03,paired_difference,"MLMC level-difference-variance decay exponent beta_var (Giles 2008 convention), regime=heterogeneous_rho, adaptive-minus-uniform (adaptive_halfstep_rtol1e-03 minus uniform, seed-paired, n=3); if this CI excludes 0 it contradicts the S1b.5 'beta_var unchanged' finding, if it includes 0 it confirms it with a real interval instead of an eyeballed delta",results/adaptive_stepping_full/mlmc_exponents.csv,3,True,0.0007391138257713351,mean_diff,0.00048580394088915124,0.0010731966401744675,BCa,0.05137011727416354,0.25,2.4481116124577027,1.0
adaptive_stepping_beta_var_shift__homogeneous_chain__adaptive_embedded_rtol0.0001,paired_difference,"MLMC level-difference-variance decay exponent beta_var (Giles 2008 convention), regime=homogeneous_chain, adaptive-minus-uniform (adaptive_embedded_rtol0.0001 minus uniform, seed-paired, n=3); if this CI excludes 0 it contradicts the S1b.5 'beta_var unchanged' finding, if it includes 0 it confirms it with a real interval instead of an eyeballed delta",results/adaptive_stepping_full/mlmc_exponents.csv,3,True,-0.003193378314252704,mean_diff,-0.003209804945445982,-0.003161605244485166,BCa,2.483388768373584e-05,0.25,-115.85343829742497,-1.0
adaptive_stepping_beta_var_shift__homogeneous_chain__adaptive_embedded_rtol0.001,paired_difference,"MLMC level-difference-variance decay exponent beta_var (Giles 2008 convention), regime=homogeneous_chain, adaptive-minus-uniform (adaptive_embedded_rtol0.001 minus uniform, seed-paired, n=3); if this CI excludes 0 it contradicts the S1b.5 'beta_var unchanged' finding, if it includes 0 it confirms it with a real interval instead of an eyeballed delta",results/adaptive_stepping_full/mlmc_exponents.csv,3,True,0.0011032290266058675,mean_diff,0.0007467075126009748,0.001317618001798193,BCa,0.028095616145720422,0.25,3.3714420941285383,1.0
adaptive_stepping_beta_var_shift__homogeneous_chain__adaptive_embedded_rtol0.01,paired_difference,"MLMC level-difference-variance decay exponent beta_var (Giles 2008 convention), regime=homogeneous_chain, adaptive-minus-uniform (adaptive_embedded_rtol0.01 minus uniform, seed-paired, n=3); if this CI excludes 0 it contradicts the S1b.5 'beta_var unchanged' finding, if it includes 0 it confirms it with a real interval instead of an eyeballed delta",results/adaptive_stepping_full/mlmc_exponents.csv,3,True,0.0,mean_diff,0.0,0.0,percentile,nan,1.0,0.0,nan
adaptive_stepping_beta_var_shift__homogeneous_chain__adaptive_embedded_rtol1e-05,paired_difference,"MLMC level-difference-variance decay exponent beta_var (Giles 2008 convention), regime=homogeneous_chain, adaptive-minus-uniform (adaptive_embedded_rtol1e-05 minus uniform, seed-paired, n=3); if this CI excludes 0 it contradicts the S1b.5 'beta_var unchanged' finding, if it includes 0 it confirms it with a real interval instead of an eyeballed delta",results/adaptive_stepping_full/mlmc_exponents.csv,3,True,-0.0030787135520748596,mean_diff,-0.00310211836228765,-0.003031917153873187,BCa,5.7754892034573354e-05,0.25,-75.96720916566504,-1.0
adaptive_stepping_beta_var_shift__homogeneous_chain__adaptive_halfstep_rtol1e-03,paired_difference,"MLMC level-difference-variance decay exponent beta_var (Giles 2008 convention), regime=homogeneous_chain, adaptive-minus-uniform (adaptive_halfstep_rtol1e-03 minus uniform, seed-paired, n=3); if this CI excludes 0 it contradicts the S1b.5 'beta_var unchanged' finding, if it includes 0 it confirms it with a real interval instead of an eyeballed delta",results/adaptive_stepping_full/mlmc_exponents.csv,3,True,0.06794899494216788,mean_diff,0.06652989557398703,0.06917685721294342,BCa,0.0001284139871621727,0.25,50.94380472778351,1.0
adaptive_stepping_beta_var_shift__reflection_active__adaptive_embedded_rtol0.0001,paired_difference,"MLMC level-difference-variance decay exponent beta_var (Giles 2008 convention), regime=reflection_active, adaptive-minus-uniform (adaptive_embedded_rtol0.0001 minus uniform, seed-paired, n=3); if this CI excludes 0 it contradicts the S1b.5 'beta_var unchanged' finding, if it includes 0 it confirms it with a real interval instead of an eyeballed delta",results/adaptive_stepping_full/mlmc_exponents.csv,3,True,0.0016312433608307215,mean_diff,0.0012869680452932686,0.0018321343587837842,BCa,0.011853570050146625,0.25,5.255655707216817,1.0
adaptive_stepping_beta_var_shift__reflection_active__adaptive_embedded_rtol0.001,paired_difference,"MLMC level-difference-variance decay exponent beta_var (Giles 2008 convention), regime=reflection_active, adaptive-minus-uniform (adaptive_embedded_rtol0.001 minus uniform, seed-paired, n=3); if this CI excludes 0 it contradicts the S1b.5 'beta_var unchanged' finding, if it includes 0 it confirms it with a real interval instead of an eyeballed delta",results/adaptive_stepping_full/mlmc_exponents.csv,3,True,0.0017671267349818425,mean_diff,0.0013544108638535723,0.002038450583892404,BCa,0.013796296453210368,0.25,4.864383951530151,1.0
adaptive_stepping_beta_var_shift__reflection_active__adaptive_embedded_rtol0.01,paired_difference,"MLMC level-difference-variance decay exponent beta_var (Giles 2008 convention), regime=reflection_active, adaptive-minus-uniform (adaptive_embedded_rtol0.01 minus uniform, seed-paired, n=3); if this CI excludes 0 it contradicts the S1b.5 'beta_var unchanged' finding, if it includes 0 it confirms it with a real interval instead of an eyeballed delta",results/adaptive_stepping_full/mlmc_exponents.csv,3,True,-0.00027433800032383715,mean_diff,-0.0006978185221547806,0.00011638377405642775,BCa,0.3643815740522316,0.5,-0.6722512957014588,-0.6666666666666666
adaptive_stepping_beta_var_shift__reflection_active__adaptive_embedded_rtol1e-05,paired_difference,"MLMC level-difference-variance decay exponent beta_var (Giles 2008 convention), regime=reflection_active, adaptive-minus-uniform (adaptive_embedded_rtol1e-05 minus uniform, seed-paired, n=3); if this CI excludes 0 it contradicts the S1b.5 'beta_var unchanged' finding, if it includes 0 it confirms it with a real interval instead of an eyeballed delta",results/adaptive_stepping_full/mlmc_exponents.csv,3,True,0.0015738468326661852,mean_diff,0.0012006803249396958,0.0017775209801781748,BCa,0.014104325426868241,0.25,4.8098436227599475,1.0
adaptive_stepping_beta_var_shift__reflection_active__adaptive_halfstep_rtol1e-03,paired_difference,"MLMC level-difference-variance decay exponent beta_var (Giles 2008 convention), regime=reflection_active, adaptive-minus-uniform (adaptive_halfstep_rtol1e-03 minus uniform, seed-paired, n=3); if this CI excludes 0 it contradicts the S1b.5 'beta_var unchanged' finding, if it includes 0 it confirms it with a real interval instead of an eyeballed delta",results/adaptive_stepping_full/mlmc_exponents.csv,3,True,0.001269081406295632,mean_diff,0.0007581978015330781,0.001527270582517078,BCa,0.03821968122002535,0.25,2.86788372489916,1.0
adaptive_stepping_cost_reduction__bimodal_load__adaptive_embedded_rtol0.0001,paired_ratio,"MLMC total cost to reach MSE<=eps^2 (Giles allocation), regime=bimodal_load, uniform vs adaptive_embedded_rtol0.0001, at the tightest epsilon=0.05 attainable by both on every shared seed (ratio=uniform_cost/adaptive_embedded_rtol0.0001_cost, seed-paired, n=3); S1b.5 evidence file",results/adaptive_stepping_full/mlmc_cost_to_epsilon.csv,3,True,0.514018691588785,ratio_of_means,0.514018691588785,0.514018691588785,percentile (paired ratio-of-means),0.0,0.25,-inf,
adaptive_stepping_cost_reduction__bimodal_load__adaptive_embedded_rtol0.001,paired_ratio,"MLMC total cost to reach MSE<=eps^2 (Giles allocation), regime=bimodal_load, uniform vs adaptive_embedded_rtol0.001, at the tightest epsilon=0.05 attainable by both on every shared seed (ratio=uniform_cost/adaptive_embedded_rtol0.001_cost, seed-paired, n=3); S1b.5 evidence file",results/adaptive_stepping_full/mlmc_cost_to_epsilon.csv,3,True,0.5140844762408789,ratio_of_means,0.5140796860024646,0.5140870180362894,BCa (paired ratio-of-means),9.296690130546023e-11,0.25,-59879.090435375925,
adaptive_stepping_cost_reduction__bimodal_load__adaptive_embedded_rtol0.01,paired_ratio,"MLMC total cost to reach MSE<=eps^2 (Giles allocation), regime=bimodal_load, uniform vs adaptive_embedded_rtol0.01, at the tightest epsilon=0.05 attainable by both on every shared seed (ratio=uniform_cost/adaptive_embedded_rtol0.01_cost, seed-paired, n=3); S1b.5 evidence file",results/adaptive_stepping_full/mlmc_cost_to_epsilon.csv,3,True,0.8144554269311141,ratio_of_means,0.8141743239458253,0.8145962966869058,BCa (paired ratio-of-means),8.656513515998643e-07,0.25,-620.5368616856266,
adaptive_stepping_cost_reduction__bimodal_load__adaptive_embedded_rtol1e-05,paired_ratio,"MLMC total cost to reach MSE<=eps^2 (Giles allocation), regime=bimodal_load, uniform vs adaptive_embedded_rtol1e-05, at the tightest epsilon=0.05 attainable by both on every shared seed (ratio=uniform_cost/adaptive_embedded_rtol1e-05_cost, seed-paired, n=3); S1b.5 evidence file",results/adaptive_stepping_full/mlmc_cost_to_epsilon.csv,3,True,0.514018691588785,ratio_of_means,0.514018691588785,0.514018691588785,percentile (paired ratio-of-means),0.0,0.25,-inf,
adaptive_stepping_cost_reduction__bimodal_load__adaptive_halfstep_rtol1e-03,paired_ratio,"MLMC total cost to reach MSE<=eps^2 (Giles allocation), regime=bimodal_load, uniform vs adaptive_halfstep_rtol1e-03, at the tightest epsilon=0.05 attainable by both on every shared seed (ratio=uniform_cost/adaptive_halfstep_rtol1e-03_cost, seed-paired, n=3); S1b.5 evidence file",results/adaptive_stepping_full/mlmc_cost_to_epsilon.csv,3,True,0.6320813258519336,ratio_of_means,0.6320619660892358,0.6321116240439796,BCa (paired ratio-of-means),5.2272038527860716e-09,0.25,-7985.546672650413,
adaptive_stepping_cost_reduction__heterogeneous_rho__adaptive_embedded_rtol0.0001,paired_ratio,"MLMC total cost to reach MSE<=eps^2 (Giles allocation), regime=heterogeneous_rho, uniform vs adaptive_embedded_rtol0.0001, at the tightest epsilon=0.05 attainable by both on every shared seed (ratio=uniform_cost/adaptive_embedded_rtol0.0001_cost, seed-paired, n=3); S1b.5 evidence file",results/adaptive_stepping_full/mlmc_cost_to_epsilon.csv,3,True,0.5194805194805194,ratio_of_means,0.5194805194805194,0.5194805194805194,percentile (paired ratio-of-means),0.0,0.25,-inf,
adaptive_stepping_cost_reduction__heterogeneous_rho__adaptive_embedded_rtol0.001,paired_ratio,"MLMC total cost to reach MSE<=eps^2 (Giles allocation), regime=heterogeneous_rho, uniform vs adaptive_embedded_rtol0.001, at the tightest epsilon=0.05 attainable by both on every shared seed (ratio=uniform_cost/adaptive_embedded_rtol0.001_cost, seed-paired, n=3); S1b.5 evidence file",results/adaptive_stepping_full/mlmc_cost_to_epsilon.csv,3,True,0.5194805194805194,ratio_of_means,0.5194805194805194,0.5194805194805194,percentile (paired ratio-of-means),0.0,0.25,-inf,
adaptive_stepping_cost_reduction__heterogeneous_rho__adaptive_embedded_rtol0.01,paired_ratio,"MLMC total cost to reach MSE<=eps^2 (Giles allocation), regime=heterogeneous_rho, uniform vs adaptive_embedded_rtol0.01, at the tightest epsilon=0.05 attainable by both on every shared seed (ratio=uniform_cost/adaptive_embedded_rtol0.01_cost, seed-paired, n=3); S1b.5 evidence file",results/adaptive_stepping_full/mlmc_cost_to_epsilon.csv,3,True,0.9976799556694942,ratio_of_means,0.99759794683821,0.9977265345891523,BCa (paired ratio-of-means),0.0003310769127303302,0.25,-31.722475070682176,
adaptive_stepping_cost_reduction__heterogeneous_rho__adaptive_embedded_rtol1e-05,paired_ratio,"MLMC total cost to reach MSE<=eps^2 (Giles allocation), regime=heterogeneous_rho, uniform vs adaptive_embedded_rtol1e-05, at the tightest epsilon=0.05 attainable by both on every shared seed (ratio=uniform_cost/adaptive_embedded_rtol1e-05_cost, seed-paired, n=3); S1b.5 evidence file",results/adaptive_stepping_full/mlmc_cost_to_epsilon.csv,3,True,0.5194805194805194,ratio_of_means,0.5194805194805194,0.5194805194805194,percentile (paired ratio-of-means),0.0,0.25,-inf,
adaptive_stepping_cost_reduction__heterogeneous_rho__adaptive_halfstep_rtol1e-03,paired_ratio,"MLMC total cost to reach MSE<=eps^2 (Giles allocation), regime=heterogeneous_rho, uniform vs adaptive_halfstep_rtol1e-03, at the tightest epsilon=0.05 attainable by both on every shared seed (ratio=uniform_cost/adaptive_halfstep_rtol1e-03_cost, seed-paired, n=3); S1b.5 evidence file",results/adaptive_stepping_full/mlmc_cost_to_epsilon.csv,3,True,0.6854183356935029,ratio_of_means,0.6853323238513134,0.6855760801568322,BCa (paired ratio-of-means),1.3705862145072707e-07,0.25,-1559.5027622559285,
adaptive_stepping_cost_reduction__homogeneous_chain__adaptive_embedded_rtol0.0001,paired_ratio,"MLMC total cost to reach MSE<=eps^2 (Giles allocation), regime=homogeneous_chain, uniform vs adaptive_embedded_rtol0.0001, at the tightest epsilon=0.05 attainable by both on every shared seed (ratio=uniform_cost/adaptive_embedded_rtol0.0001_cost, seed-paired, n=3); S1b.5 evidence file",results/adaptive_stepping_full/mlmc_cost_to_epsilon.csv,3,True,0.5194805194805194,ratio_of_means,0.5194805194805194,0.5194805194805194,percentile (paired ratio-of-means),0.0,0.25,-inf,
adaptive_stepping_cost_reduction__homogeneous_chain__adaptive_embedded_rtol0.001,paired_ratio,"MLMC total cost to reach MSE<=eps^2 (Giles allocation), regime=homogeneous_chain, uniform vs adaptive_embedded_rtol0.001, at the tightest epsilon=0.05 attainable by both on every shared seed (ratio=uniform_cost/adaptive_embedded_rtol0.001_cost, seed-paired, n=3); S1b.5 evidence file",results/adaptive_stepping_full/mlmc_cost_to_epsilon.csv,3,True,0.5861756427992176,ratio_of_means,0.5861026001506038,0.5862126953118012,BCa (paired ratio-of-means),2.2674799285254374e-08,0.25,-3834.137111852604,
adaptive_stepping_cost_reduction__homogeneous_chain__adaptive_embedded_rtol0.01,paired_ratio,"MLMC total cost to reach MSE<=eps^2 (Giles allocation), regime=homogeneous_chain, uniform vs adaptive_embedded_rtol0.01, at the tightest epsilon=0.05 attainable by both on every shared seed (ratio=uniform_cost/adaptive_embedded_rtol0.01_cost, seed-paired, n=3); S1b.5 evidence file",results/adaptive_stepping_full/mlmc_cost_to_epsilon.csv,3,True,1.0,ratio_of_means,1.0,1.0,percentile (paired ratio-of-means),nan,1.0,0.0,
adaptive_stepping_cost_reduction__homogeneous_chain__adaptive_embedded_rtol1e-05,paired_ratio,"MLMC total cost to reach MSE<=eps^2 (Giles allocation), regime=homogeneous_chain, uniform vs adaptive_embedded_rtol1e-05, at the tightest epsilon=0.05 attainable by both on every shared seed (ratio=uniform_cost/adaptive_embedded_rtol1e-05_cost, seed-paired, n=3); S1b.5 evidence file",results/adaptive_stepping_full/mlmc_cost_to_epsilon.csv,3,True,0.5194805194805194,ratio_of_means,0.5194805194805194,0.5194805194805194,percentile (paired ratio-of-means),0.0,0.25,-inf,
adaptive_stepping_cost_reduction__homogeneous_chain__adaptive_halfstep_rtol1e-03,paired_ratio,"MLMC total cost to reach MSE<=eps^2 (Giles allocation), regime=homogeneous_chain, uniform vs adaptive_halfstep_rtol1e-03, at the tightest epsilon=0.05 attainable by both on every shared seed (ratio=uniform_cost/adaptive_halfstep_rtol1e-03_cost, seed-paired, n=3); S1b.5 evidence file",results/adaptive_stepping_full/mlmc_cost_to_epsilon.csv,3,True,0.7580955994456796,ratio_of_means,0.7578489683111757,0.7585694410041415,BCa (paired ratio-of-means),1.6757781688299791e-06,0.25,-445.995588142205,
adaptive_stepping_cost_reduction__reflection_active__adaptive_embedded_rtol0.0001,paired_ratio,"MLMC total cost to reach MSE<=eps^2 (Giles allocation), regime=reflection_active, uniform vs adaptive_embedded_rtol0.0001, at the tightest epsilon=0.05 attainable by both on every shared seed (ratio=uniform_cost/adaptive_embedded_rtol0.0001_cost, seed-paired, n=3); S1b.5 evidence file",results/adaptive_stepping_full/mlmc_cost_to_epsilon.csv,3,True,0.5088495575221239,ratio_of_means,0.5088495575221239,0.5088495575221239,percentile (paired ratio-of-means),0.0,0.25,-inf,
adaptive_stepping_cost_reduction__reflection_active__adaptive_embedded_rtol0.001,paired_ratio,"MLMC total cost to reach MSE<=eps^2 (Giles allocation), regime=reflection_active, uniform vs adaptive_embedded_rtol0.001, at the tightest epsilon=0.05 attainable by both on every shared seed (ratio=uniform_cost/adaptive_embedded_rtol0.001_cost, seed-paired, n=3); S1b.5 evidence file",results/adaptive_stepping_full/mlmc_cost_to_epsilon.csv,3,True,0.6127184873512344,ratio_of_means,0.6126803660421803,0.6127388782215517,BCa (paired ratio-of-means),6.546897917614974e-09,0.25,-7135.4535918511165,
adaptive_stepping_cost_reduction__reflection_active__adaptive_embedded_rtol0.01,paired_ratio,"MLMC total cost to reach MSE<=eps^2 (Giles allocation), regime=reflection_active, uniform vs adaptive_embedded_rtol0.01, at the tightest epsilon=0.05 attainable by both on every shared seed (ratio=uniform_cost/adaptive_embedded_rtol0.01_cost, seed-paired, n=3); S1b.5 evidence file",results/adaptive_stepping_full/mlmc_cost_to_epsilon.csv,3,True,0.8956807514712827,ratio_of_means,0.8956678362283987,0.8956925316329931,BCa (paired ratio-of-means),5.858173241768423e-09,0.25,-7543.245899322784,
adaptive_stepping_cost_reduction__reflection_active__adaptive_embedded_rtol1e-05,paired_ratio,"MLMC total cost to reach MSE<=eps^2 (Giles allocation), regime=reflection_active, uniform vs adaptive_embedded_rtol1e-05, at the tightest epsilon=0.05 attainable by both on every shared seed (ratio=uniform_cost/adaptive_embedded_rtol1e-05_cost, seed-paired, n=3); S1b.5 evidence file",results/adaptive_stepping_full/mlmc_cost_to_epsilon.csv,3,True,0.5088495575221239,ratio_of_means,0.5088495575221239,0.5088495575221239,percentile (paired ratio-of-means),0.0,0.25,-inf,
adaptive_stepping_cost_reduction__reflection_active__adaptive_halfstep_rtol1e-03,paired_ratio,"MLMC total cost to reach MSE<=eps^2 (Giles allocation), regime=reflection_active, uniform vs adaptive_halfstep_rtol1e-03, at the tightest epsilon=0.05 attainable by both on every shared seed (ratio=uniform_cost/adaptive_halfstep_rtol1e-03_cost, seed-paired, n=3); S1b.5 evidence file",results/adaptive_stepping_full/mlmc_cost_to_epsilon.csv,3,True,0.779725116438443,ratio_of_means,0.7796716636176259,0.77981655173213,BCa (paired ratio-of-means),7.693484039217157e-08,0.25,-2081.5067281255388,
ana_vs_baseline_speedup__ba_n500_eps0.005,paired_ratio,"ANA-MLMC vs Giles-baseline runtime speedup, BA n=500, eps=0.005 (ratio=baseline/ANA runtime, seed-paired, n=5 seeds [0, 1, 2, 3, 4])",results/ana_mlmc/ana_mlmc_results.csv,5,True,0.9525493839864979,ratio_of_means,0.9071595973691239,0.9988248744618472,BCa (paired ratio-of-means),0.1546328690196767,0.3125,-0.7835718977264229,
ana_vs_baseline_speedup__ba_n500_eps0.01,paired_ratio,"ANA-MLMC vs Giles-baseline runtime speedup, BA n=500, eps=0.01 (ratio=baseline/ANA runtime, seed-paired, n=5 seeds [0, 1, 2, 3, 4])",results/ana_mlmc/ana_mlmc_results.csv,5,True,0.9253272350185388,ratio_of_means,0.7897036218926894,0.9939258073512547,BCa (paired ratio-of-means),0.2707569215782328,0.3125,-0.5710030859359344,
ana_vs_baseline_speedup__ba_n500_eps0.02,paired_ratio,"ANA-MLMC vs Giles-baseline runtime speedup, BA n=500, eps=0.02 (ratio=baseline/ANA runtime, seed-paired, n=5 seeds [0, 1, 2, 3, 4])",results/ana_mlmc/ana_mlmc_results.csv,5,True,1.0760727213712338,ratio_of_means,0.9987724499061671,1.2890947413535592,BCa (paired ratio-of-means),0.3338513138001081,0.8125,0.4910496037430592,
ana_vs_baseline_speedup__ba_n500_eps0.05,paired_ratio,"ANA-MLMC vs Giles-baseline runtime speedup, BA n=500, eps=0.05 (ratio=baseline/ANA runtime, seed-paired, n=5 seeds [0, 1, 2, 3, 4])",results/ana_mlmc/ana_mlmc_results.csv,5,True,1.198189945234211,ratio_of_means,0.8782395480003835,1.6376121274017088,BCa (paired ratio-of-means),0.5218617523261481,0.8125,0.3135579267638582,
ana_vs_baseline_speedup__pooled_all_conditions,paired_ratio,"ANA-MLMC vs Giles-baseline runtime speedup, POOLED across every network/n_nodes/epsilon cell (heterogeneous conditions -- kept only for continuity with the pre-extension significance_tests.json; the per-condition claims above are the statistically appropriate ones)",results/ana_mlmc/ana_mlmc_results.csv,20,False,1.0463689256544113,ratio_of_means,0.9489648514658824,1.285525644000406,BCa (paired ratio-of-means),0.5907957572429059,0.34881019592285156,0.12229645601464899,
ana_weight_sweep_cost_reduction__balanced_mix,paired_ratio,"ANA weight config 'balanced_mix' vs baseline_giles: total-cost reduction factor (ratio=baseline_cost/config_cost, seed-paired, n=3)",results/ana_weight_sweep/weight_sweep.csv,3,True,0.7677067855373948,ratio_of_means,0.7650542941757157,0.7719123505976095,BCa (paired ratio-of-means),0.0001681692066804997,0.25,-44.515510000792204,
ana_weight_sweep_cost_reduction__centrality_only,paired_ratio,"ANA weight config 'centrality_only' vs baseline_giles: total-cost reduction factor (ratio=baseline_cost/config_cost, seed-paired, n=3)",results/ana_weight_sweep/weight_sweep.csv,3,True,0.7708885941644563,ratio_of_means,0.7688492063492064,0.7742257742257742,BCa (paired ratio-of-means),0.00010260609025561428,0.25,-56.99271943000448,
ana_weight_sweep_cost_reduction__default_mix,paired_ratio,"ANA weight config 'default_mix' vs baseline_giles: total-cost reduction factor (ratio=baseline_cost/config_cost, seed-paired, n=3)",results/ana_weight_sweep/weight_sweep.csv,3,True,0.7673267326732673,ratio_of_means,0.7646768623581648,0.7715281234444997,BCa (paired ratio-of-means),0.0001674545338740206,0.25,-44.61042580036745,
ana_weight_sweep_cost_reduction__sla_only,paired_ratio,"ANA weight config 'sla_only' vs baseline_giles: total-cost reduction factor (ratio=baseline_cost/config_cost, seed-paired, n=3)",results/ana_weight_sweep/weight_sweep.csv,3,True,0.7705053852526926,ratio_of_means,0.7665677546983185,0.7746126936531734,BCa (paired ratio-of-means),0.0001725107069800635,0.25,-43.95164650629484,
ana_weight_sweep_cost_reduction__variance_only,paired_ratio,"ANA weight config 'variance_only' vs baseline_giles: total-cost reduction factor (ratio=baseline_cost/config_cost, seed-paired, n=3)",results/ana_weight_sweep/weight_sweep.csv,3,True,0.7621701360432717,ratio_of_means,0.7579462102689487,0.7669470559129143,BCa (paired ratio-of-means),0.00020702213601830137,0.25,-40.12024167485696,
ana_weight_sweep_runtime_speedup__balanced_mix,paired_ratio,"ANA weight config 'balanced_mix' vs baseline_giles: runtime speedup (ratio=baseline_runtime/config_runtime, seed-paired, n=3)",results/ana_weight_sweep/weight_sweep.csv,3,True,1.678168139342022,ratio_of_means,0.6036387222160513,3.881963158633338,BCa (paired ratio-of-means),0.5081576448982532,0.75,0.46123217704944375,
ana_weight_sweep_runtime_speedup__centrality_only,paired_ratio,"ANA weight config 'centrality_only' vs baseline_giles: runtime speedup (ratio=baseline_runtime/config_runtime, seed-paired, n=3)",results/ana_weight_sweep/weight_sweep.csv,3,True,1.504966794493206,ratio_of_means,1.1073722936225074,1.8529265404379573,BCa (paired ratio-of-means),0.32966341431895996,0.25,0.7375813391306955,
ana_weight_sweep_runtime_speedup__default_mix,paired_ratio,"ANA weight config 'default_mix' vs baseline_giles: runtime speedup (ratio=baseline_runtime/config_runtime, seed-paired, n=3)",results/ana_weight_sweep/weight_sweep.csv,3,True,1.8194712483942868,ratio_of_means,0.9021120135792535,3.7762045258792636,BCa (paired ratio-of-means),0.43580865572883565,0.75,0.5579405477878022,
ana_weight_sweep_runtime_speedup__sla_only,paired_ratio,"ANA weight config 'sla_only' vs baseline_giles: runtime speedup (ratio=baseline_runtime/config_runtime, seed-paired, n=3)",results/ana_weight_sweep/weight_sweep.csv,3,True,1.7364423424397593,ratio_of_means,0.7206023590157876,3.294963846585039,BCa (paired ratio-of-means),0.44243862202798523,0.75,0.5484006398800061,
ana_weight_sweep_runtime_speedup__variance_only,paired_ratio,"ANA weight config 'variance_only' vs baseline_giles: runtime speedup (ratio=baseline_runtime/config_runtime, seed-paired, n=3)",results/ana_weight_sweep/weight_sweep.csv,3,True,1.7417573483665845,ratio_of_means,0.658965752613016,3.757135121879216,BCa (paired ratio-of-means),0.4714157667690425,0.75,0.5084190742509207,
halo_sweep_elapsed__K1,aggregate_only,"Multi-GPU halo-exchange wall-clock, K=1 (halo depth), world_size=4, eps=0.05 (as reported by source; not recomputed)",results/halo_sweep/halo_k_sweep.json,5,True,0.09483751259976998,"mean (as reported by source, not recomputed)",,,reported by source (no raw data to recompute),,,,
halo_sweep_elapsed__K2,aggregate_only,"Multi-GPU halo-exchange wall-clock, K=2 (halo depth), world_size=4, eps=0.05 (as reported by source; not recomputed)",results/halo_sweep/halo_k_sweep.json,5,True,0.07347169078420848,"mean (as reported by source, not recomputed)",,,reported by source (no raw data to recompute),,,,
halo_sweep_elapsed__K4,aggregate_only,"Multi-GPU halo-exchange wall-clock, K=4 (halo depth), world_size=4, eps=0.05 (as reported by source; not recomputed)",results/halo_sweep/halo_k_sweep.json,5,True,0.05865905859973282,"mean (as reported by source, not recomputed)",,,reported by source (no raw data to recompute),,,,
halo_sweep_elapsed__K8,aggregate_only,"Multi-GPU halo-exchange wall-clock, K=8 (halo depth), world_size=4, eps=0.05 (as reported by source; not recomputed)",results/halo_sweep/halo_k_sweep.json,5,True,0.051510224607773124,"mean (as reported by source, not recomputed)",,,reported by source (no raw data to recompute),,,,
mlmc_runtime__n100,single_sample,"GPU-MLMC wall-clock runtime, n=100 nodes",results/scaling_results.json,3,True,0.005695319327060133,mean,0.0055874999961815774,0.0057516803256779285,BCa,,,,
mlmc_runtime__n200,single_sample,"GPU-MLMC wall-clock runtime, n=200 nodes",results/scaling_results.json,3,True,0.008560069666903777,mean,0.008419764000185145,0.008808541999314912,BCa,,,,
mlmc_runtime__n50,single_sample,"GPU-MLMC wall-clock runtime, n=50 nodes",results/scaling_results.json,3,True,0.005469139335521807,mean,0.005378069671375367,0.005641708994517103,BCa,,,,
mlmc_runtime__n500,single_sample,"GPU-MLMC wall-clock runtime, n=500 nodes",results/scaling_results.json,3,True,0.013314138666222183,mean,0.01303070799622219,0.013865875007468276,BCa,,,,
multi_gpu_distributed_strong_scaling_time__ws1,aggregate_only,"Multi-GPU strong scaling wall-clock, world_size=1, real hardware (4× NVIDIA GeForce RTX 3090 (24 GB each), PCIe-connected (no NVLink), CUDA 12.4, PyTorch 2.4.0); n=1, no repeated measurement in source",results/multi_gpu/distributed_scaling_results.json,1,True,0.062,"mean (as reported by source, not recomputed)",,,reported by source (no raw data to recompute),,,,
multi_gpu_distributed_strong_scaling_time__ws2,aggregate_only,"Multi-GPU strong scaling wall-clock, world_size=2, real hardware (4× NVIDIA GeForce RTX 3090 (24 GB each), PCIe-connected (no NVLink), CUDA 12.4, PyTorch 2.4.0); n=1, no repeated measurement in source",results/multi_gpu/distributed_scaling_results.json,1,True,0.076,"mean (as reported by source, not recomputed)",,,reported by source (no raw data to recompute),,,,
multi_gpu_distributed_strong_scaling_time__ws4,aggregate_only,"Multi-GPU strong scaling wall-clock, world_size=4, real hardware (4× NVIDIA GeForce RTX 3090 (24 GB each), PCIe-connected (no NVLink), CUDA 12.4, PyTorch 2.4.0); n=1, no repeated measurement in source",results/multi_gpu/distributed_scaling_results.json,1,True,0.096,"mean (as reported by source, not recomputed)",,,reported by source (no raw data to recompute),,,,
multi_gpu_distributed_weak_scaling_time__ws1,aggregate_only,"Multi-GPU weak scaling wall-clock, world_size=1, real hardware (4× NVIDIA GeForce RTX 3090 (24 GB each), PCIe-connected (no NVLink), CUDA 12.4, PyTorch 2.4.0); n=1, no repeated measurement in source",results/multi_gpu/distributed_scaling_results.json,1,True,0.075,"mean (as reported by source, not recomputed)",,,reported by source (no raw data to recompute),,,,
multi_gpu_distributed_weak_scaling_time__ws2,aggregate_only,"Multi-GPU weak scaling wall-clock, world_size=2, real hardware (4× NVIDIA GeForce RTX 3090 (24 GB each), PCIe-connected (no NVLink), CUDA 12.4, PyTorch 2.4.0); n=1, no repeated measurement in source",results/multi_gpu/distributed_scaling_results.json,1,True,0.076,"mean (as reported by source, not recomputed)",,,reported by source (no raw data to recompute),,,,
multi_gpu_distributed_weak_scaling_time__ws4,aggregate_only,"Multi-GPU weak scaling wall-clock, world_size=4, real hardware (4× NVIDIA GeForce RTX 3090 (24 GB each), PCIe-connected (no NVLink), CUDA 12.4, PyTorch 2.4.0); n=1, no repeated measurement in source",results/multi_gpu/distributed_scaling_results.json,1,True,0.175,"mean (as reported by source, not recomputed)",,,reported by source (no raw data to recompute),,,,
multi_gpu_memory_measured_vs_model__n10000_G1,aggregate_only,"Multi-GPU peak memory, n=10000 nodes, G=1 ranks: MEASURED vs the paper's analytical model n*(n/G)*4 bytes/rank (adjacency tensor only); single measurement, n=1",results/multi_gpu/memory_scaling.json,1,True,0.529,"mean (as reported by source, not recomputed)",,,reported by source (no raw data to recompute),,,,
multi_gpu_memory_measured_vs_model__n10000_G2,aggregate_only,"Multi-GPU peak memory, n=10000 nodes, G=2 ranks: MEASURED vs the paper's analytical model n*(n/G)*4 bytes/rank (adjacency tensor only); single measurement, n=1",results/multi_gpu/memory_scaling.json,1,True,1.595,"mean (as reported by source, not recomputed)",,,reported by source (no raw data to recompute),,,,
multi_gpu_memory_measured_vs_model__n10000_G4,aggregate_only,"Multi-GPU peak memory, n=10000 nodes, G=4 ranks: MEASURED vs the paper's analytical model n*(n/G)*4 bytes/rank (adjacency tensor only); single measurement, n=1",results/multi_gpu/memory_scaling.json,1,True,1.254,"mean (as reported by source, not recomputed)",,,reported by source (no raw data to recompute),,,,
multi_gpu_memory_measured_vs_model__n1000_G1,aggregate_only,"Multi-GPU peak memory, n=1000 nodes, G=1 ranks: MEASURED vs the paper's analytical model n*(n/G)*4 bytes/rank (adjacency tensor only); single measurement, n=1",results/multi_gpu/memory_scaling.json,1,True,0.045,"mean (as reported by source, not recomputed)",,,reported by source (no raw data to recompute),,,,
multi_gpu_memory_measured_vs_model__n1000_G2,aggregate_only,"Multi-GPU peak memory, n=1000 nodes, G=2 ranks: MEASURED vs the paper's analytical model n*(n/G)*4 bytes/rank (adjacency tensor only); single measurement, n=1",results/multi_gpu/memory_scaling.json,1,True,0.072,"mean (as reported by source, not recomputed)",,,reported by source (no raw data to recompute),,,,
multi_gpu_memory_measured_vs_model__n1000_G4,aggregate_only,"Multi-GPU peak memory, n=1000 nodes, G=4 ranks: MEASURED vs the paper's analytical model n*(n/G)*4 bytes/rank (adjacency tensor only); single measurement, n=1",results/multi_gpu/memory_scaling.json,1,True,0.112,"mean (as reported by source, not recomputed)",,,reported by source (no raw data to recompute),,,,
multi_gpu_memory_measured_vs_model__n2000_G1,aggregate_only,"Multi-GPU peak memory, n=2000 nodes, G=1 ranks: MEASURED vs the paper's analytical model n*(n/G)*4 bytes/rank (adjacency tensor only); single measurement, n=1",results/multi_gpu/memory_scaling.json,1,True,0.098,"mean (as reported by source, not recomputed)",,,reported by source (no raw data to recompute),,,,
multi_gpu_memory_measured_vs_model__n2000_G2,aggregate_only,"Multi-GPU peak memory, n=2000 nodes, G=2 ranks: MEASURED vs the paper's analytical model n*(n/G)*4 bytes/rank (adjacency tensor only); single measurement, n=1",results/multi_gpu/memory_scaling.json,1,True,0.204,"mean (as reported by source, not recomputed)",,,reported by source (no raw data to recompute),,,,
multi_gpu_memory_measured_vs_model__n2000_G4,aggregate_only,"Multi-GPU peak memory, n=2000 nodes, G=4 ranks: MEASURED vs the paper's analytical model n*(n/G)*4 bytes/rank (adjacency tensor only); single measurement, n=1",results/multi_gpu/memory_scaling.json,1,True,0.24,"mean (as reported by source, not recomputed)",,,reported by source (no raw data to recompute),,,,
multi_gpu_memory_measured_vs_model__n5000_G1,aggregate_only,"Multi-GPU peak memory, n=5000 nodes, G=1 ranks: MEASURED vs the paper's analytical model n*(n/G)*4 bytes/rank (adjacency tensor only); single measurement, n=1",results/multi_gpu/memory_scaling.json,1,True,0.259,"mean (as reported by source, not recomputed)",,,reported by source (no raw data to recompute),,,,
multi_gpu_memory_measured_vs_model__n5000_G2,aggregate_only,"Multi-GPU peak memory, n=5000 nodes, G=2 ranks: MEASURED vs the paper's analytical model n*(n/G)*4 bytes/rank (adjacency tensor only); single measurement, n=1",results/multi_gpu/memory_scaling.json,1,True,0.716,"mean (as reported by source, not recomputed)",,,reported by source (no raw data to recompute),,,,
multi_gpu_memory_measured_vs_model__n5000_G4,aggregate_only,"Multi-GPU peak memory, n=5000 nodes, G=4 ranks: MEASURED vs the paper's analytical model n*(n/G)*4 bytes/rank (adjacency tensor only); single measurement, n=1",results/multi_gpu/memory_scaling.json,1,True,0.615,"mean (as reported by source, not recomputed)",,,reported by source (no raw data to recompute),,,,
multi_gpu_memory_measured_vs_model__n500_G1,aggregate_only,"Multi-GPU peak memory, n=500 nodes, G=1 ranks: MEASURED vs the paper's analytical model n*(n/G)*4 bytes/rank (adjacency tensor only); single measurement, n=1",results/multi_gpu/memory_scaling.json,1,True,0.018,"mean (as reported by source, not recomputed)",,,reported by source (no raw data to recompute),,,,
multi_gpu_memory_measured_vs_model__n500_G2,aggregate_only,"Multi-GPU peak memory, n=500 nodes, G=2 ranks: MEASURED vs the paper's analytical model n*(n/G)*4 bytes/rank (adjacency tensor only); single measurement, n=1",results/multi_gpu/memory_scaling.json,1,True,0.07,"mean (as reported by source, not recomputed)",,,reported by source (no raw data to recompute),,,,
multi_gpu_memory_measured_vs_model__n500_G4,aggregate_only,"Multi-GPU peak memory, n=500 nodes, G=4 ranks: MEASURED vs the paper's analytical model n*(n/G)*4 bytes/rank (adjacency tensor only); single measurement, n=1",results/multi_gpu/memory_scaling.json,1,True,0.05,"mean (as reported by source, not recomputed)",,,reported by source (no raw data to recompute),,,,
multi_gpu_strong_scaling_time__ws1_n1000,single_sample,"Multi-GPU strong scaling wall-clock, world_size=1, n_nodes=1000 (local CPU/MPS smoke run, repeats=1)",results/multi_gpu/scaling_results.json,1,True,0.061738874996080995,mean,,,BCa,,,,
multi_gpu_strong_scaling_time__ws2_n1000,single_sample,"Multi-GPU strong scaling wall-clock, world_size=2, n_nodes=1000 (local CPU/MPS smoke run, repeats=2)",results/multi_gpu/scaling_results.json,2,True,0.030218708561733365,mean,0.030175500083714724,0.030261917039752007,BCa,,,,
multi_gpu_strong_scaling_time__ws4_n1000,single_sample,"Multi-GPU strong scaling wall-clock, world_size=4, n_nodes=1000 (local CPU/MPS smoke run, repeats=4)",results/multi_gpu/scaling_results.json,4,True,0.014644729264546186,mean,0.01444539602380246,0.014844062505289912,BCa,,,,
multi_gpu_weak_scaling_time__ws1_n500,single_sample,"Multi-GPU weak scaling wall-clock, world_size=1, n_nodes=500 (local CPU/MPS smoke run, repeats=1)",results/multi_gpu/scaling_results.json,1,True,0.03667104209307581,mean,,,BCa,,,,
multi_gpu_weak_scaling_time__ws2_n1000,single_sample,"Multi-GPU weak scaling wall-clock, world_size=2, n_nodes=1000 (local CPU/MPS smoke run, repeats=2)",results/multi_gpu/scaling_results.json,2,True,0.03164760454092175,mean,0.0291553339920938,0.034139875089749694,BCa,,,,
multi_gpu_weak_scaling_time__ws4_n2000,single_sample,"Multi-GPU weak scaling wall-clock, world_size=4, n_nodes=2000 (local CPU/MPS smoke run, repeats=4)",results/multi_gpu/scaling_results.json,4,True,0.0367815105128102,mean,0.03607655197265558,0.03795072957291268,BCa,,,,
paper_gpu_mc_vs_mlmc_speedup_tab_gpu_gpu_a100,known_gap,"Table 'gpu_gpu_a100': GPU-MC vs GPU-MLMC wall-clock speedup, same 6 (topology, epsilon) cells as the work-reduction table; text reports geometric mean ~3.0x runtime speedup where both methods meet the CI target (eps>=0.02).",paper/ieee_access/main.tex,1,True,"{""speedups"": {""ER eps=0.05"": ""0.49x"", ""ER eps=0.02"": ""2.41x"", ""ER eps=0.01 (dagger)"": "">=1.75x"", ""CAIDA eps=0.05"": ""0.59x"", ""CAIDA eps=0.02"": ""3.79x"", ""CAIDA eps=0.01 (dagger)"": "">=1.73x""}, ""geomean_where_both_meet_ci_target"": ""~3.0x""}",reported_in_paper_no_backing_file,,,N/A -- The table's own footnote states: 'GPU-MLMC vs. GPU-MC speedup is from a single controlled run; per-seed replication data in results/significance/significance_tests.json.' This harness extracted that e,,,,
paper_headline_work_reduction_geomean_57x,known_gap,"Table 'work_units' + Sec. Empirical Validation (2): computational work reduction GPU-MC -> GPU-MLMC, geometric mean ~57x (range 28-120x across 6 A100 configurations: ER/CAIDA n=500 at eps in {0.05, 0.02, 0.01}); text separately claims 'rising above 250x at the tightest target when the single-level baseline is capped at 5e5 paths'.",paper/ieee_access/main.tex,1,True,"{""geomean"": ""~57x"", ""range"": ""28-120x"", ""capped_baseline_claim"": "">250x at tightest target, single-level baseline capped at 5e5 paths"", ""table_cost_ratios"": {""ER eps=0.05"": ""31.10x"", ""ER eps=0.02"": ""77.69x"", ""ER eps=0.01 (dagger, MC capped at 1e6 samples)"": "">=64.33x"", ""CAIDA eps=0.05"": ""27.68x"", ""CAIDA eps=0.02"": ""120.35x"", ""CAIDA eps=0.01 (dagger, MC capped at 1e6 samples)"": "">=64.33x""}}",reported_in_paper_no_backing_file,,,"N/A -- Each of the 6 (topology, epsilon) cells is a SINGLE run -- no results/ file (checked: exhaustive scan of this repo's results/ tree) contains repeated-seed work counts W_MC or W_MLMC for these specific",,,,
per_topology_runtime_speedup__BA,aggregate_only,"GPU-MC vs GPU-MLMC runtime speedup, topology=BA, n_nodes=500, eps=0.02 (as reported by source; not recomputed)",results/per_topology/per_topology_speedup.json,5,True,0.18635737357077437,"mean (as reported by source, not recomputed)",0.0548303592643547,0.31788438787719403,reported by source (no raw data to recompute),,,,
per_topology_runtime_speedup__CAIDA,aggregate_only,"GPU-MC vs GPU-MLMC runtime speedup, topology=CAIDA, n_nodes=500, eps=0.02 (as reported by source; not recomputed)",results/per_topology/per_topology_speedup.json,5,True,0.10790573782820134,"mean (as reported by source, not recomputed)",0.1006831543494803,0.11512832130692238,reported by source (no raw data to recompute),,,,
per_topology_runtime_speedup__ER,aggregate_only,"GPU-MC vs GPU-MLMC runtime speedup, topology=ER, n_nodes=500, eps=0.02 (as reported by source; not recomputed)",results/per_topology/per_topology_speedup.json,5,True,0.09473015746071799,"mean (as reported by source, not recomputed)",0.06955221590694377,0.1199080990144922,reported by source (no raw data to recompute),,,,
per_topology_work_reduction__BA,aggregate_only,"GPU-MLMC work reduction factor, topology=BA, n_nodes=500, eps=0.02 (as reported by source; not recomputed)",results/per_topology/per_topology_speedup.json,5,True,50.79365079365079,"mean (as reported by source, not recomputed)",50.79365079365079,50.79365079365079,reported by source (no raw data to recompute),,,,
per_topology_work_reduction__CAIDA,aggregate_only,"GPU-MLMC work reduction factor, topology=CAIDA, n_nodes=500, eps=0.02 (as reported by source; not recomputed)",results/per_topology/per_topology_speedup.json,5,True,50.79365079365079,"mean (as reported by source, not recomputed)",50.79365079365079,50.79365079365079,reported by source (no raw data to recompute),,,,
per_topology_work_reduction__ER,aggregate_only,"GPU-MLMC work reduction factor, topology=ER, n_nodes=500, eps=0.02 (as reported by source; not recomputed)",results/per_topology/per_topology_speedup.json,5,True,50.79365079365079,"mean (as reported by source, not recomputed)",50.79365079365079,50.79365079365079,reported by source (no raw data to recompute),,,,
