B,method,seed,estimate,work,degenerate,ess,wall_s,ref
10.0,plain_mc,0,0.02692,10000000,False,50000.0,0.10076620802283287,0.028399003017115926
10.0,plain_mc,1,0.0296,10000000,False,50000.0,0.1008050829404965,0.028399003017115926
10.0,plain_mc,2,0.02924,10000000,False,50000.0,0.10051662498153746,0.028399003017115926
10.0,plain_mc,3,0.02804,10000000,False,50000.0,0.10059958300553262,0.028399003017115926
10.0,plain_mc,4,0.0278,10000000,False,50000.0,0.10052883299067616,0.028399003017115926
10.0,plain_mc,5,0.02862,10000000,False,50000.0,0.10070620791520923,0.028399003017115926
10.0,plain_mc,6,0.0286,10000000,False,50000.0,0.10318208299577236,0.028399003017115926
10.0,plain_mc,7,0.028,10000000,False,50000.0,0.10076533304527402,0.028399003017115926
10.0,plain_mc,8,0.02696,10000000,False,50000.0,0.10066379106137902,0.028399003017115926
10.0,plain_mc,9,0.0292,10000000,False,50000.0,0.10055520792957395,0.028399003017115926
10.0,gpu_mlmc_is,0,0.028454423396193532,10000000,False,814.4283537255264,1.6050719580380246,0.028399003017115926
10.0,gpu_mlmc_is,1,0.02879714841516482,10000000,False,316.4406627006672,0.2009441249538213,0.028399003017115926
10.0,gpu_mlmc_is,2,0.028489106908555755,10000000,False,222.2398045553215,0.19944012502674013,0.028399003017115926
10.0,gpu_mlmc_is,3,0.028593484592783543,10000000,False,671.763804354578,0.19896104198414832,0.028399003017115926
10.0,gpu_mlmc_is,4,0.027946567476310125,10000000,False,431.7474860960107,0.19780991703737527,0.028399003017115926
10.0,gpu_mlmc_is,5,0.028489934422730238,10000000,False,439.3220034553028,0.19906737504061311,0.028399003017115926
10.0,gpu_mlmc_is,6,0.027989997306300356,10000000,False,379.7052844755848,0.19828945805784315,0.028399003017115926
10.0,gpu_mlmc_is,7,0.02799016136306811,10000000,False,380.668672791777,0.19907391699962318,0.028399003017115926
10.0,gpu_mlmc_is,8,0.02845871300326806,10000000,False,567.7437039498903,0.1984105409355834,0.028399003017115926
10.0,gpu_mlmc_is,9,0.028514890713785244,10000000,False,1093.3982813412522,0.1984827909618616,0.028399003017115926
10.0,ams,0,0.0281625,879476,False,2500.0,0.036404083017259836,0.028399003017115926
10.0,ams,1,0.0279125,889001,False,2500.0,0.03414749994408339,0.028399003017115926
10.0,ams,2,0.0274375,863764,False,2500.0,0.03342795802745968,0.028399003017115926
10.0,ams,3,0.02725,879178,False,2500.0,0.03402695804834366,0.028399003017115926
10.0,ams,4,0.0267125,880311,False,2500.0,0.03394879098050296,0.028399003017115926
10.0,ams,5,0.0275375,881383,False,2500.0,0.03403870796319097,0.028399003017115926
10.0,ams,6,0.0290875,872884,False,2500.0,0.03373645804822445,0.028399003017115926
10.0,ams,7,0.0281625,880426,False,2500.0,0.03348429105244577,0.028399003017115926
10.0,ams,8,0.02675,870469,False,2500.0,0.034163333009928465,0.028399003017115926
10.0,ams,9,0.028875,880253,False,2500.0,0.03334491699934006,0.028399003017115926
10.0,cross_entropy,0,0.027500801085727188,15000000,False,1179.644174240929,0.16886645799968392,0.028399003017115926
10.0,cross_entropy,1,0.027126460674759666,15000000,False,847.1494653288646,0.16757287504151464,0.028399003017115926
10.0,cross_entropy,2,0.02876345464410566,15000000,False,1405.2678904918585,0.16767512494698167,0.028399003017115926
10.0,cross_entropy,3,0.027115709962924082,15000000,False,765.4659644228824,0.1679771669441834,0.028399003017115926
10.0,cross_entropy,4,0.028153202417632625,15000000,False,976.1569863906701,0.16770062502473593,0.028399003017115926
10.0,cross_entropy,5,0.029576171305939973,15000000,False,1682.9747131247543,0.16766162507701665,0.028399003017115926
10.0,cross_entropy,6,0.030310704423628754,15000000,False,848.762509797754,0.16921241697855294,0.028399003017115926
10.0,cross_entropy,7,0.02843395861520507,15000000,False,759.0073531289019,0.16773087496403605,0.028399003017115926
10.0,cross_entropy,8,0.025987041113568983,15000000,False,637.7175043759972,0.1675475420197472,0.028399003017115926
10.0,cross_entropy,9,0.02975023496327247,15000000,False,1116.867190896071,0.1676547919632867,0.028399003017115926
10.0,fixed_splitting,0,0.025843126867799368,2099539,False,2500.0,0.06805416604038328,0.028399003017115926
10.0,fixed_splitting,1,0.03047939998816334,2131317,False,2500.0,0.0675716670230031,0.028399003017115926
10.0,fixed_splitting,2,0.029108446522212367,2130120,False,2500.0,0.06844962504692376,0.028399003017115926
10.0,fixed_splitting,3,0.02584043419750524,2113934,False,2500.0,0.06846304202917963,0.028399003017115926
10.0,fixed_splitting,4,0.028224255374093444,2123132,False,2500.0,0.07188574993051589,0.028399003017115926
10.0,fixed_splitting,5,0.02635441886731258,2109776,False,2500.0,0.06779741600621492,0.028399003017115926
10.0,fixed_splitting,6,0.029573442594207664,2145045,False,2500.0,0.06825008301530033,0.028399003017115926
10.0,fixed_splitting,7,0.02827682997838979,2147088,False,2500.0,0.06822750007268041,0.028399003017115926
10.0,fixed_splitting,8,0.02711507141063658,2140697,False,2500.0,0.06743774993810803,0.028399003017115926
10.0,fixed_splitting,9,0.029399595175316196,2128059,False,2500.0,0.06736479105893523,0.028399003017115926
15.0,plain_mc,0,0.00064,10000000,False,50000.0,0.10018433292862028,0.0006341026683676603
15.0,plain_mc,1,0.0007,10000000,False,50000.0,0.10055329103488475,0.0006341026683676603
15.0,plain_mc,2,0.00054,10000000,False,50000.0,0.10034291702322662,0.0006341026683676603
15.0,plain_mc,3,0.00062,10000000,False,50000.0,0.10025191598106176,0.0006341026683676603
15.0,plain_mc,4,0.00078,10000000,False,50000.0,0.10014912497717887,0.0006341026683676603
15.0,plain_mc,5,0.00054,10000000,False,50000.0,0.10151816601864994,0.0006341026683676603
15.0,plain_mc,6,0.00074,10000000,False,50000.0,0.10025625000707805,0.0006341026683676603
15.0,plain_mc,7,0.00056,10000000,False,50000.0,0.10053470800630748,0.0006341026683676603
15.0,plain_mc,8,0.00036,10000000,False,50000.0,0.10031029209494591,0.0006341026683676603
15.0,plain_mc,9,0.00064,10000000,False,50000.0,0.10036841698456556,0.0006341026683676603
15.0,gpu_mlmc_is,0,0.0006321565532313794,10000000,False,112.13483603994982,0.19977649999782443,0.0006341026683676603
15.0,gpu_mlmc_is,1,0.0006353446191574166,10000000,False,24.36349509446015,0.19892808399163187,0.0006341026683676603
15.0,gpu_mlmc_is,2,0.0006262287581609042,10000000,False,12.710107761897918,0.1997490409994498,0.0006341026683676603
15.0,gpu_mlmc_is,3,0.0006360355526650887,10000000,False,94.17936013185295,0.20037062501069158,0.0006341026683676603
15.0,gpu_mlmc_is,4,0.0006145518399592954,10000000,False,31.08620822522493,0.19866766699124128,0.0006341026683676603
15.0,gpu_mlmc_is,5,0.0006188927961855553,10000000,False,33.50301833703238,0.1988876670366153,0.0006341026683676603
15.0,gpu_mlmc_is,6,0.0006246275357879151,10000000,False,36.881199129564436,0.1977868329267949,0.0006341026683676603
15.0,gpu_mlmc_is,7,0.0006313454193651407,10000000,False,32.03078906257487,0.19782208395190537,0.0006341026683676603
15.0,gpu_mlmc_is,8,0.0006308042452711444,10000000,False,54.5251606958928,0.1988764579873532,0.0006341026683676603
15.0,gpu_mlmc_is,9,0.0006461945931638779,10000000,False,188.1556097581751,0.1989022500347346,0.0006341026683676603
15.0,ams,0,0.000675,1073153,False,2500.0,0.054959582979790866,0.0006341026683676603
15.0,ams,1,0.000645703125,1077398,False,2500.0,0.05402195802889764,0.0006341026683676603
15.0,ams,2,0.000612109375,1054947,False,2500.0,0.05280025000683963,0.0006341026683676603
15.0,ams,3,0.000611328125,1068014,False,2500.0,0.05478662496898323,0.0006341026683676603
15.0,ams,4,0.000547265625,1063142,False,2500.0,0.05359229200985283,0.0006341026683676603
15.0,ams,5,0.00067578125,1074546,False,2500.0,0.05560066702309996,0.0006341026683676603
15.0,ams,6,0.000616015625,1066691,False,2500.0,0.05393608403392136,0.0006341026683676603
15.0,ams,7,0.0006734375,1072449,False,2500.0,0.053866792004555464,0.0006341026683676603
15.0,ams,8,0.00059609375,1059319,False,2500.0,0.05357737501617521,0.0006341026683676603
15.0,ams,9,0.000663671875,1079371,False,2500.0,0.053295666933991015,0.0006341026683676603
15.0,cross_entropy,0,0.0007569013002616074,16000000,False,66.67494862269493,0.17981100000906736,0.0006341026683676603
15.0,cross_entropy,1,0.00069087434893491,16000000,False,51.15840764828779,0.17978991707786918,0.0006341026683676603
15.0,cross_entropy,2,0.0008564208698318565,16000000,False,117.4223932103672,0.17980016698129475,0.0006341026683676603
15.0,cross_entropy,3,0.0005241124590645871,16000000,False,46.5670946313381,0.17987354204524308,0.0006341026683676603
15.0,cross_entropy,4,0.0006216933740008457,16000000,False,32.69857127855984,0.1793826250359416,0.0006341026683676603
15.0,cross_entropy,5,0.0007931787934339194,16000000,False,77.1949310209757,0.1814914169954136,0.0006341026683676603
15.0,cross_entropy,6,0.0008983806967347448,16000000,False,98.14499204503569,0.18591970903798938,0.0006341026683676603
15.0,cross_entropy,7,0.0006811464699186755,16000000,False,92.69205664475942,0.17991400009486824,0.0006341026683676603
15.0,cross_entropy,8,0.0006845567973266045,16000000,False,74.52706658971917,0.17974008398596197,0.0006341026683676603
15.0,cross_entropy,9,0.0005396356457864944,16000000,False,5.114613873048733,0.17972416698466986,0.0006341026683676603
15.0,fixed_splitting,0,0.0006778483946492264,1722162,False,2500.0,0.05976750003173947,0.0006341026683676603
15.0,fixed_splitting,1,0.0007849989084705458,1739011,False,2500.0,0.06407212500926107,0.0006341026683676603
15.0,fixed_splitting,2,0.0005590337550225508,1687709,False,2500.0,0.062496667029336095,0.0006341026683676603
15.0,fixed_splitting,3,0.0005718309677121022,1734651,False,2500.0,0.06472933304030448,0.0006341026683676603
15.0,fixed_splitting,4,0.0005774590301459711,1717128,False,2500.0,0.061471000080928206,0.0006341026683676603
15.0,fixed_splitting,5,0.000714971227486344,1749943,False,2500.0,0.06346695800311863,0.0006341026683676603
15.0,fixed_splitting,6,0.0006416170094838586,1721096,False,2500.0,0.06209337490145117,0.0006341026683676603
15.0,fixed_splitting,7,0.0005486362110680444,1709038,False,2500.0,0.061467125080525875,0.0006341026683676603
15.0,fixed_splitting,8,0.000593169689642476,1741369,False,2500.0,0.06213412503711879,0.0006341026683676603
15.0,fixed_splitting,9,0.0004667667618710882,1677615,False,2500.0,0.05977783305570483,0.0006341026683676603
20.0,plain_mc,0,2e-05,10000000,False,50000.0,0.10052141593769193,4.247501142726173e-06
20.0,plain_mc,1,0.0,10000000,True,50000.0,0.10008204204495996,4.247501142726173e-06
20.0,plain_mc,2,0.0,10000000,True,50000.0,0.09993562498129904,4.247501142726173e-06
20.0,plain_mc,3,0.0,10000000,True,50000.0,0.10015116701833904,4.247501142726173e-06
20.0,plain_mc,4,2e-05,10000000,False,50000.0,0.10115095798391849,4.247501142726173e-06
20.0,plain_mc,5,0.0,10000000,True,50000.0,0.10071775002870709,4.247501142726173e-06
20.0,plain_mc,6,0.0,10000000,True,50000.0,0.10056787508074194,4.247501142726173e-06
20.0,plain_mc,7,0.0,10000000,True,50000.0,0.10064308310393244,4.247501142726173e-06
20.0,plain_mc,8,0.0,10000000,True,50000.0,0.10062162508256733,4.247501142726173e-06
20.0,plain_mc,9,2e-05,10000000,False,50000.0,0.10068341600708663,4.247501142726173e-06
20.0,gpu_mlmc_is,0,4.331859813090732e-06,10000000,False,33.49165507496969,0.20074679201934487,4.247501142726173e-06
20.0,gpu_mlmc_is,1,4.236383700899504e-06,10000000,False,6.624329088042532,0.1999283340992406,4.247501142726173e-06
20.0,gpu_mlmc_is,2,4.222085290183932e-06,10000000,False,3.685697850395037,0.2005627079633996,4.247501142726173e-06
20.0,gpu_mlmc_is,3,4.3543016322324055e-06,10000000,False,30.471415184235877,0.2008675840916112,4.247501142726173e-06
20.0,gpu_mlmc_is,4,4.1535022049053775e-06,10000000,False,6.57066466237254,0.19904129102360457,4.247501142726173e-06
20.0,gpu_mlmc_is,5,4.1733785073856674e-06,10000000,False,7.89848352988439,0.1986148749710992,4.247501142726173e-06
20.0,gpu_mlmc_is,6,4.2438542602427484e-06,10000000,False,11.638698625014996,0.20379945798777044,4.247501142726173e-06
20.0,gpu_mlmc_is,7,4.136825086152054e-06,10000000,False,7.7299337362115725,0.2835446250392124,4.247501142726173e-06
20.0,gpu_mlmc_is,8,4.180590245660322e-06,10000000,False,14.912198035378095,0.28034133405890316,4.247501142726173e-06
20.0,gpu_mlmc_is,9,4.3589902998099835e-06,10000000,False,63.32149021765906,0.4043376250192523,4.247501142726173e-06
20.0,ams,0,5.029296875e-06,1243616,False,2500.0,1.2208656249567866,4.247501142726173e-06
20.0,ams,1,4.2022705078125e-06,1236246,False,2500.0,0.19821933400817215,4.247501142726173e-06
20.0,ams,2,4.827880859375e-06,1224151,False,2500.0,0.09408816695213318,4.247501142726173e-06
20.0,ams,3,3.62396240234375e-06,1261458,False,2500.0,0.0967522090068087,4.247501142726173e-06
20.0,ams,4,2.93731689453125e-06,1231168,False,2500.0,0.08208312501665205,4.247501142726173e-06
20.0,ams,5,4.144287109375e-06,1242788,False,2500.0,0.07830533408559859,4.247501142726173e-06
20.0,ams,6,4.9346923828125e-06,1245220,False,2500.0,0.07660395803395659,4.247501142726173e-06
20.0,ams,7,4.7332763671875e-06,1237166,False,2500.0,0.0772119159810245,4.247501142726173e-06
20.0,ams,8,3.0181884765625e-06,1222427,False,2500.0,0.07968291698489338,4.247501142726173e-06
20.0,ams,9,5.224609375e-06,1250332,False,2500.0,0.07745445892214775,4.247501142726173e-06
20.0,cross_entropy,0,7.855644754424504e-06,17000000,False,3.681101422001825,0.19748758291825652,4.247501142726173e-06
20.0,cross_entropy,1,1.4848689450334835e-05,17000000,False,12.91710851579001,0.19291308301035315,4.247501142726173e-06
20.0,cross_entropy,2,1.8332277171992887e-05,17000000,False,41.345925197897245,0.19175400002859533,4.247501142726173e-06
20.0,cross_entropy,3,5.827941857567588e-06,17000000,False,5.519248614744414,0.19227558304555714,4.247501142726173e-06
20.0,cross_entropy,4,7.318930558539164e-06,17000000,False,11.370803148568289,0.19347462500445545,4.247501142726173e-06
20.0,cross_entropy,5,2.0476342140491904e-05,17000000,False,31.752747416317106,0.19269654096569866,4.247501142726173e-06
20.0,cross_entropy,6,1.599871457679744e-05,17000000,False,36.83554262350299,0.19242300000041723,4.247501142726173e-06
20.0,cross_entropy,7,1.1634015764178534e-05,17000000,False,18.150245476519007,0.1922681670403108,4.247501142726173e-06
20.0,cross_entropy,8,5.967967507071005e-06,17000000,False,16.086986965592303,0.19160687492694706,4.247501142726173e-06
20.0,cross_entropy,9,4.962780169711241e-06,17000000,False,2.088957086679677,0.19191587495151907,4.247501142726173e-06
20.0,fixed_splitting,0,4.964752713929387e-06,1469909,False,2500.0,0.055279833963140845,4.247501142726173e-06
20.0,fixed_splitting,1,7.442536850165338e-06,1455444,False,2500.0,0.056245458079501987,4.247501142726173e-06
20.0,fixed_splitting,2,4.278641064265151e-06,1443729,False,2500.0,0.06816245801746845,4.247501142726173e-06
20.0,fixed_splitting,3,6.303575449666927e-06,1472372,False,2500.0,0.05734025000128895,4.247501142726173e-06
20.0,fixed_splitting,4,4.6426945981562315e-06,1486283,False,2500.0,0.0613436249550432,4.247501142726173e-06
20.0,fixed_splitting,5,5.673299889607036e-06,1457985,False,2500.0,0.0654177499236539,4.247501142726173e-06
20.0,fixed_splitting,6,3.7068484873233985e-06,1454320,False,2500.0,0.0540763329481706,4.247501142726173e-06
20.0,fixed_splitting,7,4.541557844281608e-06,1461066,False,2500.0,0.05681037507019937,4.247501142726173e-06
20.0,fixed_splitting,8,4.189654279007527e-06,1447729,False,2500.0,0.052041957969777286,4.247501142726173e-06
20.0,fixed_splitting,9,5.96808858686431e-06,1474892,False,2500.0,0.05387333396356553,4.247501142726173e-06
25.0,plain_mc,0,0.0,10000000,True,50000.0,0.10057541693095118,8.29109774195764e-09
25.0,plain_mc,1,0.0,10000000,True,50000.0,0.10083812510129064,8.29109774195764e-09
25.0,plain_mc,2,0.0,10000000,True,50000.0,0.10077874991111457,8.29109774195764e-09
25.0,plain_mc,3,0.0,10000000,True,50000.0,0.10105749999638647,8.29109774195764e-09
25.0,plain_mc,4,0.0,10000000,True,50000.0,0.10088729101698846,8.29109774195764e-09
25.0,plain_mc,5,0.0,10000000,True,50000.0,0.10061212501022965,8.29109774195764e-09
25.0,plain_mc,6,0.0,10000000,True,50000.0,0.10057958401739597,8.29109774195764e-09
25.0,plain_mc,7,0.0,10000000,True,50000.0,0.10074066708330065,8.29109774195764e-09
25.0,plain_mc,8,0.0,10000000,True,50000.0,0.1004413339542225,8.29109774195764e-09
25.0,plain_mc,9,0.0,10000000,True,50000.0,0.1005184999667108,8.29109774195764e-09
25.0,gpu_mlmc_is,0,8.285767223080717e-09,10000000,False,16.312177366068155,0.2028510420350358,8.29109774195764e-09
25.0,gpu_mlmc_is,1,7.919777865407571e-09,10000000,False,3.517845081306308,0.1999289171071723,8.29109774195764e-09
25.0,gpu_mlmc_is,2,8.580908969308499e-09,10000000,False,2.1942903690348623,0.19891712500248104,8.29109774195764e-09
25.0,gpu_mlmc_is,3,8.563715152704306e-09,10000000,False,15.614178154481584,0.20080987503752112,8.29109774195764e-09
25.0,gpu_mlmc_is,4,8.171883934146196e-09,10000000,False,2.82679304347704,0.19896908302325755,8.29109774195764e-09
25.0,gpu_mlmc_is,5,8.219817058529128e-09,10000000,False,3.645244927995517,0.19817245798185468,8.29109774195764e-09
25.0,gpu_mlmc_is,6,8.250474106827494e-09,10000000,False,6.590954129398136,0.2151441250462085,8.29109774195764e-09
25.0,gpu_mlmc_is,7,7.782937526344309e-09,10000000,False,3.4760566353816422,0.2071674169274047,8.29109774195764e-09
25.0,gpu_mlmc_is,8,8.025408948899717e-09,10000000,False,7.732507631382494,0.27787862496916205,8.29109774195764e-09
25.0,gpu_mlmc_is,9,8.616763227393285e-09,10000000,False,31.338985571344402,0.2810702909482643,8.29109774195764e-09
25.0,ams,0,5.08427619934082e-09,1356866,False,2500.0,0.1109671670710668,8.29109774195764e-09
25.0,ams,1,8.815526962280274e-09,1382398,False,2500.0,0.09771079092752188,8.29109774195764e-09
25.0,ams,2,8.118152618408202e-09,1355615,False,2500.0,0.09589820797555149,8.29109774195764e-09
25.0,ams,3,1.4674663543701172e-08,1411048,False,2500.0,0.11591920803766698,8.29109774195764e-09
25.0,ams,4,4.854798316955566e-09,1365067,False,2500.0,0.10117350006476045,8.29109774195764e-09
25.0,ams,5,9.828805923461914e-09,1391973,False,2500.0,0.10603883303701878,8.29109774195764e-09
25.0,ams,6,8.83340835571289e-09,1377608,False,2500.0,0.09795595798641443,8.29109774195764e-09
25.0,ams,7,7.128715515136719e-09,1379338,False,2500.0,0.10359566693659872,8.29109774195764e-09
25.0,ams,8,4.917383193969727e-09,1362759,False,2500.0,0.10464687505736947,8.29109774195764e-09
25.0,ams,9,1.3875961303710938e-08,1400227,False,2500.0,0.10181808401830494,8.29109774195764e-09
25.0,cross_entropy,0,1.5598744062172913e-07,18000000,False,12.11821687946461,0.20435800007544458,8.29109774195764e-09
25.0,cross_entropy,1,1.2070710194411493e-07,18000000,False,6.886003383189424,0.20398704195395112,8.29109774195764e-09
25.0,cross_entropy,2,2.0915790260724037e-07,18000000,False,8.503212505685477,0.23531337501481175,8.29109774195764e-09
25.0,cross_entropy,3,8.516609187668946e-08,18000000,False,12.255045289389821,0.20364533306565136,8.29109774195764e-09
25.0,cross_entropy,4,1.4872955774588124e-07,18000000,False,11.960724247494692,0.20312533294782043,8.29109774195764e-09
25.0,cross_entropy,5,1.6129599863063e-08,18000000,False,1.0710407110432523,0.20492904202546924,8.29109774195764e-09
25.0,cross_entropy,6,3.016973377461842e-07,18000000,False,18.24627482324011,0.20316870789974928,8.29109774195764e-09
25.0,cross_entropy,7,1.8609434560911937e-07,18000000,False,17.855766897942896,0.20310495793819427,8.29109774195764e-09
25.0,cross_entropy,8,7.436056196624793e-08,18000000,False,6.796302716246303,0.20313179190270603,8.29109774195764e-09
25.0,cross_entropy,9,1.0304417517253688e-07,18000000,False,3.263915658670932,0.20287516701500863,8.29109774195764e-09
25.0,fixed_splitting,0,6.5850760151722305e-09,1266208,False,2500.0,0.04572404199279845,8.29109774195764e-09
25.0,fixed_splitting,1,1.066284117983916e-08,1259435,False,2500.0,0.04640866699628532,8.29109774195764e-09
25.0,fixed_splitting,2,1.1015875183713063e-08,1278380,False,2500.0,0.04595658299513161,8.29109774195764e-09
25.0,fixed_splitting,3,8.514474033579956e-09,1275902,False,2500.0,0.046214999980293214,8.29109774195764e-09
25.0,fixed_splitting,4,1.4314357290422507e-08,1281120,False,2500.0,0.048461625003255904,8.29109774195764e-09
25.0,fixed_splitting,5,6.998961657289635e-09,1250657,False,2500.0,0.04713829199317843,8.29109774195764e-09
25.0,fixed_splitting,6,8.112950414001405e-09,1280117,False,2500.0,0.04680474998895079,8.29109774195764e-09
25.0,fixed_splitting,7,2.4351030041095207e-09,1239461,False,2500.0,0.044601500034332275,8.29109774195764e-09
25.0,fixed_splitting,8,6.616911625225078e-09,1272004,False,2500.0,0.04589774995110929,8.29109774195764e-09
25.0,fixed_splitting,9,4.654303035043604e-09,1257660,False,2500.0,0.04405770800076425,8.29109774195764e-09
