W_MC_0.0005,W_MC_0.001,W_MC_0.002,W_MC_0.005,W_MC_0.01,W_MLMC_0.0005,W_MLMC_0.001,W_MLMC_0.002,W_MLMC_0.005,W_MLMC_0.01,antithetic_work_ratio_vs_mc,beta_var,both_floored_0.0005,both_floored_0.001,both_floored_0.002,both_floored_0.005,both_floored_0.01,crossover_rel_eps,cv_work_ratio_vs_mc,min_V_l,ratio_0.0005,ratio_0.001,ratio_0.002,ratio_0.005,ratio_0.01,ref_mean,seed,topology,traffic,var_mc_per_path
4880845.806468948,1220211.451617237,305052.86290430924,48808.45806468947,20000.0,1073800.6832594106,277801.0395144195,102309.80472129153,60469.56875540664,55000.0,39.026866891893256,1.3347231783510523,False,False,False,False,True,0.004359794641269909,19.868388546312552,9.175016940215676e-07,4.545392718184576,4.39239339690772,2.981658148359511,0.8071573697195494,nan,0.8325764395027097,0,er,uniform,0.001057288098085334
4792426.084479565,1198106.5211198912,299526.6302799728,47924.26084479564,20000.0,1091161.2346047554,282615.0966691214,103410.82481145265,60645.73196983243,55000.0,38.62110113616318,1.4047269952589518,False,False,False,False,True,0.004177132431062562,20.082453665750094,8.914466219856053e-07,4.392042103855986,4.23935782355818,2.8964726935124543,0.790233035172781,nan,0.8467099373267046,1,er,uniform,0.0010736797412545032
4764195.565865024,1191048.891466256,297762.222866564,47641.955658650244,20000.0,1042019.9922488047,271131.37003813515,101682.2106282408,60369.15370051853,55000.0,41.195385054062584,1.3292480385180714,False,False,False,False,True,0.004177132431062562,20.407894146242345,9.031846767465447e-07,4.572076928757688,4.392884863521077,2.928361028215733,0.78917713332531,nan,0.8673132406749212,2,er,uniform,0.0011199317454512778
5619805.382214048,1404951.345553512,351237.836388378,56198.05382214049,20000.0,1226377.8270250643,315172.5181338129,110380.35270974328,61649.24258897367,55000.0,28.628100014057168,1.6141820843536587,False,False,False,False,True,0.004550444504152497,13.938275437954728,1.0608954193953057e-06,4.582442097674351,4.457721611872935,3.182068436689949,0.911577360273877,nan,0.9222534505218108,0,er,mmpp2,0.0014937292147815594
5516288.916109973,1379072.2290274932,344768.0572568733,55162.88916109974,20000.0,1222686.0273781316,315636.193028612,110854.3902354896,61834.58952840705,55000.0,27.20638713473031,1.5849553963321987,False,False,False,False,True,0.004550444504152497,13.407296948311625,9.772898079643406e-07,4.511615241027031,4.369182810738318,3.110098359879816,0.8921040728467631,nan,0.9450039798268189,1,er,mmpp2,0.001539445438193568
5363054.5548324725,1340763.6387081181,335190.90967702953,53630.54554832471,20000.0,1181138.3439602365,305079.124491336,108766.43449671085,61502.62951947373,55000.0,28.180270125735127,1.5033986896847025,False,False,False,False,True,0.004550444504152497,13.752481993863027,1.061018213273957e-06,4.540581196314986,4.394806235738344,3.081749541832833,0.8720041072608699,nan,0.959629647235324,2,er,mmpp2,0.0015433682084187448
5581996.486051623,1395499.1215129057,348874.7803782264,55819.96486051624,20000.0,1189853.7742553041,306085.61450023437,108404.55954888313,61444.7295278213,55000.0,27.62596155514444,1.3430961738583425,False,False,False,False,True,0.004550444504152497,13.774731707015077,1.0804395111684316e-06,4.691329814493581,4.55917905123188,3.2182666654432324,0.9084581426181029,nan,0.9186372513343476,0,er,pareto,0.001472067366508138
5453994.321058785,1363498.5802646962,340874.64506617404,54539.94321058785,20000.0,1224335.353908568,315261.65913205093,110449.7660324082,61756.396659706385,55000.0,28.702820904894658,1.5454351346865434,False,False,False,False,True,0.004550444504152497,14.26045664182903,1.0262879776106e-06,4.454657217605825,4.324974321389266,3.0862414408931795,0.8831464619141715,nan,0.9324364890595133,1,er,pareto,0.0014818465178577564
5412390.581723815,1353097.6454309537,338274.4113577384,54123.90581723816,20000.0,1172533.4928647247,302987.0079565139,108800.82678975881,61508.13228636141,55000.0,29.76067277124686,1.3501953535158484,False,False,False,False,True,0.004550444504152497,14.533366687987765,1.0547141203017813e-06,4.615979513301837,4.465860284098903,3.1091161835691077,0.8799471517888928,nan,0.9560793374343595,2,er,pareto,0.0015460623923359976
5008498.872409531,1252124.7181023827,313031.1795255957,50084.988724095325,20000.0,1077678.6034439479,278926.696861929,102792.4310206661,60546.78896330658,55000.0,34.04131150538918,1.3193196878524498,False,False,False,False,True,0.004359794641269909,17.03522567246552,9.408940532016837e-07,4.647488459364251,4.48908165546518,3.0452746025888007,0.8272113118079397,nan,0.8510813115176371,0,er,degree,0.0011337040819389464
4989004.788539178,1247251.1971347944,311812.7992836986,49890.047885391774,20000.0,1124141.3970405408,290890.17666644696,105522.87509214634,60983.660014743415,55000.0,32.0350986930213,1.398316659480559,False,False,False,False,True,0.004359794641269909,16.570589993116357,9.199441111842099e-07,4.438058060732778,4.287704766892047,2.954930852778723,0.8180887777698215,nan,0.8743409663018438,1,er,degree,0.0011918609669043883
4932943.319435882,1233235.8298589706,308308.95746474265,49329.43319435882,20000.0,1042606.7527604435,271646.02988934645,101972.46967378259,60415.595147805216,55000.0,34.25764487940919,1.3313624756801636,False,False,False,False,True,0.004359794641269909,16.98969586651695,9.180934767057647e-07,4.731355620300024,4.539863256464019,3.023452883420845,0.8165016511659882,nan,0.8916233390217438,2,er,degree,0.0012255160490200457
5009201.253019188,1252300.313254797,313075.0783136992,50092.01253019187,20000.0,1096252.2468389052,282653.33684365376,103062.12639465039,60589.94022314406,55000.0,36.923532140077796,1.3394966817188552,False,False,False,False,True,0.004359794641269909,18.383274206797505,9.578390946968361e-07,4.569387444781486,4.430516643599688,3.037731601954895,0.8267381077735044,nan,0.8289933921910301,0,ba,uniform,0.001075772999688098
4844012.486093414,1211003.1215233535,302750.7803808384,48440.12486093414,20000.0,1116264.794973881,288256.3918786559,104473.09179314287,60815.694686902854,55000.0,36.61708917112011,1.406342236621777,False,False,False,False,True,0.004359794641269909,19.392170061636,9.212534748560236e-07,4.339483344726246,4.201131893835458,2.8978828441325937,0.7965069725885432,nan,0.8440453105857022,1,ba,uniform,0.001078417180934762
4946954.0327912755,1236738.5081978189,309184.6270494547,49469.540327912764,20000.0,1057477.257566919,275201.3712085969,102670.39630357249,60527.2634085716,55000.0,44.5468135616974,1.3496432085629135,False,False,False,False,True,0.004359794641269909,21.831009960182303,8.916917623123277e-07,4.678071322473073,4.493940211004243,3.011429177065487,0.8173100441363604,nan,0.8774613768892661,2,ba,uniform,0.0011902656902935485
5893173.253725148,1473293.313431287,368323.32835782174,58931.73253725149,20000.0,1282959.4598484926,327892.61747052404,113247.74631208534,62033.515151535365,55000.0,26.454006181951474,1.6009643198819514,False,False,False,False,True,0.004749431312512541,12.408219907843932,1.1465070432404275e-06,4.5934212562110766,4.493218922697242,3.2523678426483245,0.9499982774358854,nan,0.9194361419700801,0,ba,mmpp2,0.0015568342361163326
5616108.440917072,1404027.110229268,351006.777557317,56161.084409170726,20000.0,1265207.4224149343,325254.797521761,113015.17277210735,62128.560022402955,55000.0,25.02095567695516,1.5746945462807573,False,False,False,False,True,0.004550444504152497,12.513526413108304,1.0305721676755129e-06,4.438883570725075,4.316699156867417,3.10583764062472,0.9039495586075,nan,0.9397001540653174,1,ba,mmpp2,0.001549758770259296
5764430.68328879,1441107.6708221976,360276.9177055494,57644.30683288789,20000.0,1225848.5917848363,316403.1218812849,111471.68151335555,61935.46904213689,55000.0,30.62382999115477,1.5274113425567357,False,False,False,False,True,0.004749431312512541,14.107568945103406,1.0415936868935265e-06,4.702400216405009,4.554656927066933,3.232003974591378,0.9307155935748291,nan,0.9757046402090261,2,ba,mmpp2,0.0017149173085140893
5939124.019959574,1484781.0049898934,371195.25124747335,59391.24019959575,20000.0,1251031.6584612299,319862.45624355174,111073.88175793116,61871.82108126899,55000.0,25.71829823506976,1.330030079056469,False,False,False,False,True,0.004749431312512541,12.045090342102903,1.1782139812545825e-06,4.74738107528366,4.641935857140239,3.341877004500821,0.9599077441341999,nan,0.9184542344107434,0,ba,pareto,0.001565623954147028
5530677.7538626855,1382669.4384656714,345667.35961641785,55306.77753862686,20000.0,1260949.7670828765,323651.9990082558,112296.05129757311,62008.98456821231,55000.0,26.80207126625087,1.5434412282024381,False,False,False,False,True,0.004550444504152497,13.328646931860174,1.0550079581168005e-06,4.386120603882215,4.272086817638972,3.078179113354881,0.8919155493957047,nan,0.9255000076511063,1,ba,pareto,0.0014804073409584607
5603059.206007883,1400764.8015019707,350191.2003754927,56030.59206007884,20000.0,1189136.8902664124,307362.75156979717,109864.26125277046,61678.28180044328,55000.0,31.553435340411777,1.374893963940486,False,False,False,False,True,0.004550444504152497,15.225390206509136,1.0417327942239327e-06,4.711870644894872,4.557366806315434,3.1874896930293777,0.9084330889982112,nan,0.9676834602961242,2,ba,pareto,0.0016396149497698092
5325684.244874749,1331421.0612186873,332855.26530467183,53256.84244874749,20000.0,1194384.0121733905,307035.68378370063,108312.15381309466,61429.944610095146,55000.0,24.80441492195122,1.4484444510125838,False,False,False,False,True,0.004550444504152497,12.383430330001676,1.067113348252955e-06,4.45893798861535,4.336372387766635,3.0731109444933824,0.8669524738590677,nan,0.90694866687202,0,ba,degree,0.0013689602855511034
5141102.862689373,1285275.7156723433,321318.9289180858,51411.02862689374,20000.0,1202440.686640787,309702.02711635036,108730.30926359678,61494.91468630197,55000.0,23.941216384048932,1.5232216896580975,False,False,False,False,True,0.004359794641269909,12.449061060162766,1.020071165829208e-06,4.275556307938879,4.150039725731226,2.955191897220735,0.8360208139022848,nan,0.9174706939034702,1,ba,degree,0.0013523550170750213
4929628.235239195,1232407.0588097987,308101.76470244967,49296.282352391936,20000.0,1086268.6917690795,282814.05461134977,104353.83756820245,60796.614010912395,55000.0,25.774541955974772,1.4356003830318016,False,False,False,False,True,0.004359794641269909,13.51545278694024,9.827109372628753e-07,4.538129721119811,4.357658463980525,2.952471819745813,0.8108392737717883,nan,0.9542642620518771,2,ba,degree,0.0014028185790274216
4858492.704510018,1214623.1761275046,303655.79403187614,48584.9270451002,20000.0,1072250.2932455267,277485.76434495754,102218.26211859484,60454.921938975174,55000.0,38.91934615532053,1.337245303529468,False,False,False,False,True,0.004359794641269909,19.83430977446183,9.12952726778647e-07,4.5311180935228785,4.377245005684475,2.9706608950127826,0.8036554425484683,nan,0.8328270713074224,0,ws,uniform,0.0010530797067685774
4785611.072706264,1196402.768176566,299100.6920441415,47856.11072706265,20000.0,1087866.572520625,282012.9015849059,103271.85614006029,60623.49698240965,55000.0,38.76935009148595,1.4096728685637023,False,False,False,False,True,0.004177132431062562,20.31567889717377,8.739392091044306e-07,4.39907907236991,4.242368918063005,2.8962459204615483,0.789398716820121,nan,0.8463786758429667,1,ws,uniform,0.0010713141672522442
4758971.89436362,1189742.973590905,297435.74339772627,47589.71894363622,20000.0,1039017.5638760946,270491.9285175183,101530.10254571759,60344.816407314815,55000.0,40.949052356347536,1.335251132045323,False,False,False,False,True,0.004177132431062562,20.44022824829992,8.947514220870395e-07,4.58026125815438,4.398441684051404,2.9295325813720625,0.7886297743026613,nan,0.8669847639021121,2,ws,uniform,0.0011178565925796169
5599820.614632008,1399955.153658002,349988.7884145005,55998.206146320066,20000.0,1224416.4519939444,314738.3388165345,110284.28021986759,61642.0506898154,55000.0,28.555735400378726,1.608944195398897,False,False,False,False,True,0.004550444504152497,13.932225347385051,1.0605366986722606e-06,4.5734607743246025,4.447996894569797,3.1735147358875393,0.9084416485120632,nan,0.9237818438294083,0,ws,mmpp2,0.0014933547279146317
5473971.929135882,1368492.9822839706,342123.24557099264,54739.71929135882,20000.0,1215584.6642921793,313931.36749697867,110430.5618950881,61768.8899032141,55000.0,26.94301246596611,1.582169539821772,False,False,False,False,True,0.004550444504152497,13.371778946478717,9.70239593508803e-07,4.503159746855898,4.359210719193714,3.0980848027923518,0.8862020893872415,nan,0.9421668015676109,1,ws,mmpp2,0.0015184768742628023
5388047.565540414,1347011.8913851036,336752.9728462759,53880.47565540415,20000.0,1179427.121459502,304917.8271715803,108686.85281682978,61489.896450692766,55000.0,28.361723356251495,1.527701469209566,False,False,False,False,True,0.004550444504152497,13.750570852884547,1.0362559939306722e-06,4.568359899060896,4.4176226227242745,3.09837817655652,0.8762492501285895,nan,0.9603451700603045,2,ws,mmpp2,0.0015528737751052495
5524482.487279024,1381120.621819756,345280.155454939,55244.82487279023,20000.0,1182856.6999200755,304197.358181342,107921.35123015987,61367.41619682558,55000.0,27.424288358701386,1.329049926023615,False,False,False,False,True,0.004550444504152497,13.66597947943565,1.0963900261967736e-06,4.670457957969303,4.540212413667395,3.1993683503700097,0.9002305832072484,nan,0.9167083988217893,0,ws,pareto,0.0014507882968014369
5424590.79450403,1356147.6986260074,339036.92465650185,54245.9079450403,20000.0,1219937.5999163727,314279.094778016,110156.82252271127,61708.41059164948,55000.0,29.084565884048654,1.5548785998733248,False,False,False,False,True,0.004550444504152497,14.489983168776101,1.0143682809476601e-06,4.4466133307768265,4.315106289789628,3.0777660147795376,0.8790683056805384,nan,0.930562676417443,1,ws,pareto,0.0014679398605445108
5381481.694274562,1345370.4235686406,336342.60589216015,53814.816942745616,20000.0,1160212.5870923044,300170.383384959,108143.0465448301,61402.88744717282,55000.0,29.567305362299408,1.3681308952343363,False,False,False,False,True,0.004550444504152497,14.560354744118797,1.0363920074330342e-06,4.638358309627977,4.482022537990518,3.110163960035389,0.876421601330141,nan,0.9552448325220811,2,ws,pareto,0.0015345508461618717
4891849.941677016,1222962.485419254,305740.6213548135,48918.499416770166,20000.0,1072769.3833399997,277526.3737121257,102249.27999656067,60459.884799449705,55000.0,38.618569120337625,1.3294784427609514,False,False,False,False,True,0.004359794641269909,19.61439127293906,9.250335701762613e-07,4.5600200915937315,4.406653209427282,2.9901493816396325,0.809106725542676,nan,0.8349043431712575,0,ws,degree,0.0010656058320200905
4806766.698039491,1201691.6745098727,300422.91862746817,48067.6669803949,20000.0,1093893.8268107069,283452.1592964503,103620.99800565267,60679.359680904425,55000.0,37.91517282740108,1.405784158552047,False,False,False,False,True,0.004177132431062562,19.833761257480713,8.804442729786522e-07,4.394180294493315,4.239486753223409,2.8992474923960843,0.7921584412421151,nan,0.8489985189230629,1,ws,degree,0.0010827219232304008
4784147.478122461,1196036.8695306152,299009.2173826538,47841.47478122461,20000.0,1041542.2551319142,271205.56282016996,101654.6739070222,60364.74782512355,55000.0,40.14259771552623,1.3524585343620426,False,False,False,False,True,0.004359794641269909,20.134379242479422,8.906032557681078e-07,4.593330183725033,4.410074989220185,2.941421244006357,0.7925399592461015,nan,0.869746297988013,2,ws,degree,0.0011309405040244044
4873502.807224466,1218375.7018061166,304593.92545152915,48735.02807224466,20000.0,1074052.3462647488,277828.01349675865,102274.80024229463,60463.96803876714,55000.0,38.664970465619184,1.33536335733003,False,False,False,False,True,0.004359794641269909,19.743330631963182,9.176631062091782e-07,4.537490955792923,4.385359440437892,2.9781913504590514,0.8060176937279019,nan,0.8313002821367155,0,rr,uniform,0.0010524636328875644
4779791.1900262395,1194947.7975065599,298736.94937663997,47797.91190026239,20000.0,1088722.1845712126,282127.6182850113,103333.22952252437,60633.3167236039,55000.0,39.06475123503541,1.3965368719185824,False,False,False,False,True,0.004177132431062562,20.383134784966554,8.822418730158046e-07,4.390276286974656,4.235486779955723,2.8910056402671698,0.788311022439173,nan,0.8465160668676232,1,rr,uniform,0.0010703587334307146
4755783.183782211,1188945.7959455526,297236.44898638816,47557.83183782211,20000.0,1036087.2727917165,269677.6119399278,101404.82848327204,60324.77255732353,55000.0,41.51530772159534,1.3217976452183406,False,False,False,False,True,0.004177132431062562,20.58296231760993,9.090397481342341e-07,4.590137634803531,4.4087671475316865,2.9311863491334726,0.7883632183217988,nan,0.8689590672339489,2,rr,uniform,0.0011222011440449894
5624518.310201425,1406129.5775503563,351532.39438758907,56245.18310201424,20000.0,1229070.4637575992,315652.293989976,110467.67582523054,61659.05313580841,55000.0,28.32057081221298,1.605786572734574,False,False,False,False,True,0.004550444504152497,13.943530554219137,1.076995652325689e-06,4.576237470556211,4.454678785242758,3.182219520430065,0.9121966725329087,nan,0.9219222254510673,0,rr,mmpp2,0.001493908253063955
5469001.175729855,1367250.2939324637,341812.57348311594,54690.01175729855,20000.0,1217366.2062655431,314232.41148935014,110520.60071547722,61783.296114476354,55000.0,27.075173265996632,1.5699881331351504,False,False,False,False,True,0.004550444504152497,13.455998852289733,9.825254957792904e-07,4.492486441287747,4.351079786620936,3.0927498698914397,0.8851909042852799,nan,0.9419973114095408,1,rr,mmpp2,0.0015165522053700072
5393448.646409651,1348362.1616024128,337090.5404006032,53934.4864640965,20000.0,1173302.6252807018,303432.44902167004,108486.24671208885,61457.79947393421,55000.0,29.203346892160337,1.5121251103429085,False,False,False,False,True,0.004550444504152497,14.021423272287405,1.0462638559704845e-06,4.596809493304695,4.443697982697024,3.107219123316214,0.8775857080104449,nan,0.9646759503637675,2,rr,mmpp2,0.001568481760662563
5544411.958206897,1386102.9895517242,346525.74738793104,55444.11958206898,20000.0,1185737.6438934861,304963.7550943823,108072.82872482756,61391.65259597241,55000.0,27.179175522319618,1.3409985127257993,False,False,False,False,True,0.004550444504152497,13.616043182858789,1.0862648677030717e-06,4.675917971197469,4.545140090902748,3.206409524731203,0.9031214707145119,nan,0.9155403443198354,0,rr,pareto,0.0014523138756197447
5409654.400951259,1352413.6002378147,338103.4000594537,54096.544009512596,20000.0,1215159.8134045913,313093.3310535225,109925.87162231888,61688.13945957102,55000.0,29.005533109940597,1.5344096834236431,False,False,False,False,True,0.004550444504152497,14.49016833489016,1.01756655355831e-06,4.4518048912386945,4.319522219419689,3.0757399970509454,0.8769358985930548,nan,0.9305918921121055,1,rr,pareto,0.0014639898686473441
5390162.871058462,1347540.7177646155,336885.1794411539,53901.62871058462,20000.0,1158611.274306118,299702.60066724615,108136.77467747312,61401.8839483957,55000.0,30.258645676050406,1.351283180025251,False,False,False,False,True,0.004550444504152497,14.854607597704504,1.0518370178795795e-06,4.652261712442409,4.496259674639138,3.1153618225246853,0.877849753859107,nan,0.9584204777542333,2,rr,pareto,0.0015472627800251625
4873502.807224466,1218375.7018061166,304593.92545152915,48735.02807224466,20000.0,1074052.3462647488,277828.01349675865,102274.80024229463,60463.96803876714,55000.0,38.664970465619184,1.33536335733003,False,False,False,False,True,0.004359794641269909,19.743330631963182,9.176631062091782e-07,4.537490955792923,4.385359440437892,2.9781913504590514,0.8060176937279019,nan,0.8313002821367155,0,rr,degree,0.0010524636328875644
4779791.1900262395,1194947.7975065599,298736.94937663997,47797.91190026239,20000.0,1088722.1845712126,282127.6182850113,103333.22952252437,60633.3167236039,55000.0,39.06475123503541,1.3965368719185824,False,False,False,False,True,0.004177132431062562,20.383134784966554,8.822418730158046e-07,4.390276286974656,4.235486779955723,2.8910056402671698,0.788311022439173,nan,0.8465160668676232,1,rr,degree,0.0010703587334307146
4755783.183782211,1188945.7959455526,297236.44898638816,47557.83183782211,20000.0,1036087.2727917165,269677.6119399278,101404.82848327204,60324.77255732353,55000.0,41.51530772159534,1.3217976452183406,False,False,False,False,True,0.004177132431062562,20.58296231760993,9.090397481342341e-07,4.590137634803531,4.4087671475316865,2.9311863491334726,0.7883632183217988,nan,0.8689590672339489,2,rr,degree,0.0011222011440449894
